DataSeries,2025Mar,2025Feb,2025Jan,2024Dec,2024Nov,2024Oct,2024Sep,2024Aug,2024Jul,2024Jun,2024May,2024Apr,2024Mar,2024Feb,2024Jan,2023Dec,2023Nov,2023Oct,2023Sep,2023Aug,2023Jul,2023Jun,2023May,2023Apr,2023Mar,2023Feb,2023Jan,2022Dec,2022Nov,2022Oct,2022Sep,2022Aug,2022Jul,2022Jun,2022May,2022Apr,2022Mar,2022Feb,2022Jan,2021Dec,2021Nov,2021Oct,2021Sep,2021Aug,2021Jul,2021Jun,2021May,2021Apr,2021Mar,2021Feb,2021Jan,2020Dec,2020Nov,2020Oct,2020Sep,2020Aug,2020Jul,2020Jun,2020May,2020Apr,2020Mar,2020Feb,2020Jan,2019Dec,2019Nov,2019Oct,2019Sep,2019Aug,2019Jul,2019Jun,2019May,2019Apr,2019Mar,2019Feb,2019Jan,2018Dec,2018Nov,2018Oct,2018Sep,2018Aug,2018Jul,2018Jun,2018May,2018Apr,2018Mar,2018Feb,2018Jan,2017Dec,2017Nov,2017Oct,2017Sep,2017Aug,2017Jul,2017Jun,2017May,2017Apr,2017Mar,2017Feb,2017Jan,2016Dec,2016Nov,2016Oct,2016Sep,2016Aug,2016Jul,2016Jun,2016May,2016Apr,2016Mar,2016Feb,2016Jan,2015Dec,2015Nov,2015Oct,2015Sep,2015Aug,2015Jul,2015Jun,2015May,2015Apr,2015Mar,2015Feb,2015Jan,2014Dec,2014Nov,2014Oct,2014Sep,2014Aug,2014Jul,2014Jun,2014May,2014Apr,2014Mar,2014Feb,2014Jan,2013Dec,2013Nov,2013Oct,2013Sep,2013Aug,2013Jul,2013Jun,2013May,2013Apr,2013Mar,2013Feb,2013Jan,2012Dec,2012Nov,2012Oct,2012Sep,2012Aug,2012Jul,2012Jun,2012May,2012Apr,2012Mar,2012Feb,2012Jan,2011Dec,2011Nov,2011Oct,2011Sep,2011Aug,2011Jul,2011Jun,2011May,2011Apr,2011Mar,2011Feb,2011Jan,2010Dec,2010Nov,2010Oct,2010Sep,2010Aug,2010Jul,2010Jun,2010May,2010Apr,2010Mar,2010Feb,2010Jan,2009Dec,2009Nov,2009Oct,2009Sep,2009Aug,2009Jul,2009Jun,2009May,2009Apr,2009Mar,2009Feb,2009Jan,2008Dec,2008Nov,2008Oct,2008Sep,2008Aug,2008Jul,2008Jun,2008May,2008Apr,2008Mar,2008Feb,2008Jan,2007Dec,2007Nov,2007Oct,2007Sep,2007Aug,2007Jul,2007Jun,2007May,2007Apr,2007Mar,2007Feb,2007Jan,2006Dec,2006Nov,2006Oct,2006Sep,2006Aug,2006Jul,2006Jun,2006May,2006Apr,2006Mar,2006Feb,2006Jan,2005Dec,2005Nov,2005Oct,2005Sep,2005Aug,2005Jul,2005Jun,2005May,2005Apr,2005Mar,2005Feb,2005Jan,2004Dec,2004Nov,2004Oct,2004Sep,2004Aug,2004Jul,2004Jun,2004May,2004Apr,2004Mar,2004Feb,2004Jan,2003Dec,2003Nov,2003Oct,2003Sep,2003Aug,2003Jul,2003Jun,2003May,2003Apr,2003Mar,2003Feb,2003Jan,2002Dec,2002Nov,2002Oct,2002Sep,2002Aug,2002Jul,2002Jun,2002May,2002Apr,2002Mar,2002Feb,2002Jan,2001Dec,2001Nov,2001Oct,2001Sep,2001Aug,2001Jul,2001Jun,2001May,2001Apr,2001Mar,2001Feb,2001Jan,2000Dec,2000Nov,2000Oct,2000Sep,2000Aug,2000Jul,2000Jun,2000May,2000Apr,2000Mar,2000Feb,2000Jan,1999Dec,1999Nov,1999Oct,1999Sep,1999Aug,1999Jul,1999Jun,1999May,1999Apr,1999Mar,1999Feb,1999Jan,1998Dec,1998Nov,1998Oct,1998Sep,1998Aug,1998Jul,1998Jun,1998May,1998Apr,1998Mar,1998Feb,1998Jan,1997Dec,1997Nov,1997Oct,1997Sep,1997Aug,1997Jul,1997Jun,1997May,1997Apr,1997Mar,1997Feb,1997Jan,1996Dec,1996Nov,1996Oct,1996Sep,1996Aug,1996Jul,1996Jun,1996May,1996Apr,1996Mar,1996Feb,1996Jan,1995Dec,1995Nov,1995Oct,1995Sep,1995Aug,1995Jul,1995Jun,1995May,1995Apr,1995Mar,1995Feb,1995Jan,1994Dec,1994Nov,1994Oct,1994Sep,1994Aug,1994Jul,1994Jun,1994May,1994Apr,1994Mar,1994Feb,1994Jan,1993Dec,1993Nov,1993Oct,1993Sep,1993Aug,1993Jul,1993Jun,1993May,1993Apr,1993Mar,1993Feb,1993Jan,1992Dec,1992Nov,1992Oct,1992Sep,1992Aug,1992Jul,1992Jun,1992May,1992Apr,1992Mar,1992Feb,1992Jan,1991Dec,1991Nov,1991Oct,1991Sep,1991Aug,1991Jul,1991Jun,1991May,1991Apr,1991Mar,1991Feb,1991Jan,1990Dec,1990Nov,1990Oct,1990Sep,1990Aug,1990Jul,1990Jun,1990May,1990Apr,1990Mar,1990Feb,1990Jan,1989Dec,1989Nov,1989Oct,1989Sep,1989Aug,1989Jul,1989Jun,1989May,1989Apr,1989Mar,1989Feb,1989Jan,1988Dec,1988Nov,1988Oct,1988Sep,1988Aug,1988Jul,1988Jun,1988May,1988Apr,1988Mar,1988Feb,1988Jan,1987Dec,1987Nov,1987Oct,1987Sep,1987Aug,1987Jul,1987Jun,1987May,1987Apr,1987Mar,1987Feb,1987Jan,1986Dec,1986Nov,1986Oct,1986Sep,1986Aug,1986Jul,1986Jun,1986May,1986Apr,1986Mar,1986Feb,1986Jan,1985Dec,1985Nov,1985Oct,1985Sep,1985Aug,1985Jul,1985Jun,1985May,1985Apr,1985Mar,1985Feb,1985Jan,1984Dec,1984Nov,1984Oct,1984Sep,1984Aug,1984Jul,1984Jun,1984May,1984Apr,1984Mar,1984Feb,1984Jan,1983Dec,1983Nov,1983Oct,1983Sep,1983Aug,1983Jul,1983Jun,1983May,1983Apr,1983Mar,1983Feb,1983Jan,1982Dec,1982Nov,1982Oct,1982Sep,1982Aug,1982Jul,1982Jun,1982May,1982Apr,1982Mar,1982Feb,1982Jan,1981Dec,1981Nov,1981Oct,1981Sep,1981Aug,1981Jul,1981Jun,1981May,1981Apr,1981Mar,1981Feb,1981Jan,1980Dec,1980Nov,1980Oct,1980Sep,1980Aug,1980Jul,1980Jun,1980May,1980Apr,1980Mar,1980Feb,1980Jan,1979Dec,1979Nov,1979Oct,1979Sep,1979Aug,1979Jul,1979Jun,1979May,1979Apr,1979Mar,1979Feb,1979Jan,1978Dec,1978Nov,1978Oct,1978Sep,1978Aug,1978Jul,1978Jun,1978May,1978Apr,1978Mar,1978Feb,1978Jan,1977Dec,1977Nov,1977Oct,1977Sep,1977Aug,1977Jul,1977Jun,1977May,1977Apr,1977Mar,1977Feb,1977Jan,1976Dec,1976Nov,1976Oct,1976Sep,1976Aug,1976Jul,1976Jun,1976May,1976Apr,1976Mar,1976Feb,1976Jan
Total Merchandise Imports,53699070,46659377,54613662,56135912,51802132,51415560,49068356,49948953,52965176,48845924,52681450,52900958,51339878,45008515,49246627,45253865,49402365,51889502,48959187,49259954,46574586,46726290,45561963,44966738,51593268,42748424,44382920,49869770,50653907,53182943,55799312,58466009,61029374,59649162,57604263,56116002,58079982,44958373,50026788,54349357,50674908,47945213,45980374,44714491,46107788,45039845,41559697,45169547,47668437,37643664,39028616,40154550,38477878,38173829,38801413,36472279,37843646,35120892,31458238,35878828,40433029,39472637,41180224,41580603,42489886,42282537,39450625,40998179,42030046,38979868,42637579,41294888,40340098,36074448,41553606,42566514,45114564,47127052,41439605,43802120,44972517,41054575,42887787,38382736,39745452,34609596,38491510,40104280,41476983,39347126,35732238,38702897,36874744,36416610,39149517,34542072,39987555,33032643,36734901,39473257,37482999,33929792,32761041,33527949,31906437,34067889,32922385,32237957,33661999,30949946,30382944,34868755,33630636,35998057,35278954,35260544,37430942,36614847,33572417,36970386,38824707,29731205,35221197,38374997,35762528,41160397,40573602,36885234,40809150,38216943,41829362,42799285,43813748,37214009,41143329,38686538,38981788,44871411,41616787,40477278,43645756,39241029,41984109,42058336,38088858,35355063,40563794,37259840,40081332,41031806,37875867,38629287,38990798,41641022,42810254,39686751,43698690,40218167,40266013,38210081,41868766,39592049,38911564,42209188,37264457,39185518,39756662,38518652,43060778,32126643,37583825,36115015,35795622,35674370,35562647,36208637,38506428,37674529,33511638,36719932,36362935,30904685,33290120,33885826,31415491,32568130,33242874,30161686,31670300,29799099,27818221,27868130,27730194,26488010,25726467,29158912,32855642,38957660,41584525,38926024,43365604,40693260,38619579,40555557,38648064,33413957,38681524,34935734,36053976,37110162,32811183,33723677,34151496,34076139,32340922,31945246,32640492,27851480,30763489,33117053,31957329,31068778,32818225,34163426,33155215,33778399,32627841,29327041,31515804,29937624,27375920,30768661,29184752,32075302,29312727,29639219,27943026,28003355,26203333,26658197,28178684,21400853,24945420,25299368,24894387,26438682,25520660,25375603,26647804,24845482,24467390,24103838,25214316,20335381,21035150,22369973,20077600,22247169,20630297,19534347,19832506,19773576,18135977,19325007,20441818,17162800,18539098,17021067,17690794,18915666,17047877,18224600,18668721,18290300,17487220,18179783,17547760,14816724,15909729,15524076,16568462,18073404,16029478,17270265,17417877,17509415,17125687,17491623,19116724,17952511,17612616,20984719,21041672,21400038,21325111,20917474,19865437,20281078,18669571,17564650,18704237,15557241,15863851,17928291,17374626,16958676,16444304,16507617,16699646,15738641,15009917,15254783,15235020,11997660,12992380,14334730,13093541,13587125,14058809,14005064,14735024,14468063,12963883,13958753,16061183,14766759,13830548,17502726,16775834,17623903,17412112,16546053,17547537,15923211,16289060,15832563,16729284,12634879,15788033,15962353,15880423,16335831,14761789,14383157,15785983,15175694,15245465,15494903,16418429,14200033,15539334,15830769,15691830,16058779,14787061,15730943,15532592,14718979,14922431,13734522,14664247,12396938,12244388,14012963,13438283,13689237,13661781,13698273,13591796,13100849,13021034,13560716,12544779,10306500,11769573,12551076,11534142,11935375,12051974,11337446,11852931,11723084,11419872,11578362,11561629,10482915,9574146,11790640,10663096,10522212,9726574,9312418,10213734,10314947,8786921,9337443,9725652,8133216,9002814,9078154,9313806,9060661,8905211,9505211,10418245,9776339,9785944,9161131,9668039,9350929,10171241,9962846,10242614,10218288,8704397,9114427,8836001,8957917,8818823,8569262,9262216,8406030,8712990,8308040,8598656,8828501,8451166,8647696,7657119,8097022,8015335,8303030,8490926,6822114,6644115,8259540,7799081,8102209,7166715,8429892,7503028,8158578,6838831,6790756,6268633,6354236,6555218,6652230,6629128,6190999,6215154,5540683,6219723,5557727,5235972,5532124,4826590,4986178,4828720,4960162,4864192,4952515,4601977,4816308,4491144,4467418,4335254,4613095,4787314,4183673,4472337,4658699,4567826,4830563,4661139,4634948,4505947,4683737,4843832,5118133,5012976,4744192,5555553,4485253,5888685,5224181,4607949,4959779,5587835,5158092,5449376,4704522,5179362,4356968,5531613,4854182,5231031,4837197,4772244,5116032,5045172,5251715,4799308,5316575,4921836,4272017,5086907,4911003,4828021,5271758,4917847,4878895,5136811,4678344,5274497,5027263,5425186,4773926,5121028,4992982,4389186,5069083,4759595,4897741,5416758,4601529,4856759,5247435,4904126,3659930,5452863,4191641,4599084,4612468,4531820,4364383,4610652,4098498,4237842,4315873,4202221,3502180,4078139,3642324,3738350,3372278,3577580,3721574,3218006,3142256,2913750,3045825,2752707,2626946,2582839,2547478,2745432,2798935,2554868,2481368,2615635,2501433,2215850,2382858,2322589,1981827,2452995,2294083,2198247,2310012,2281914,2284007,2157969,2110733,1885165,2147915,2006173,1744500,2101234,2015063,1987480,2036515,1941390,2056156,2041452,1649796,1462480,1942837,1781336,1658989,1830979
"    Coal, Coke & Briquettes",4090,6419,4089,4641,4437,4261,3704,4395,7401,5593,5734,4368,4097,5734,5757,9621,8189,4125,3980,8127,10993,9547,9049,10505,8107,11279,13285,18952,9245,13669,17870,17809,22264,13115,9790,15228,14212,6133,5488,8595,10865,9979,6812,8049,6799,6620,4611,6495,5893,5912,4433,5298,3815,4085,2828,3136,4334,3057,2546,3249,5601,4536,6164,4947,4835,3510,3238,5168,6716,5442,7376,5712,4662,6082,7680,5540,8009,8709,4600,6660,7689,6814,6732,6376,5853,5241,6899,6293,6143,6771,4772,6101,7070,5180,8159,5847,5620,4606,6156,4535,4648,3314,4557,3731,3038,2922,4069,3336,4840,3301,1322,4307,4304,2924,4976,4223,4655,3931,5045,3098,5954,2818,3047,4466,3213,4157,4379,4436,6829,6473,4297,5668,3930,6982,3648,5512,1491,2624,4907,4379,3864,2978,4611,2651,2488,3628,1974,928,1846,1633,680,608,739,924,605,712,879,886,747,358,544,288,559,416,1053,783,482,513,800,57,403,384,481,534,660,446,508,445,641,282,494,163,551,280,290,300,403,509,83,207,108,287,242,170,0,178,357,58,26,12,74,45,321,815,577,297,741,302,358,278,201,332,391,403,147,287,333,61,605,461,263,240,273,293,33,203,302,342,203,102,194,878,212,669,535,282,160,242,162,566,448,749,201,445,676,448,471,186,245,105,476,1092,779,406,541,251,331,544,197,359,389,146,430,310,100,24,514,249,383,424,417,277,138,337,42,35,32,13,46,94,71,38,51,44,57,32,163,33,41,25,100,22,21,19,19,29,31,27,37,4,33,65,22,59,44,165,3,50,19,59,50,63,108,51,44,117,20,16,78,94,48,50,118,288,21,336,215,46,127,98,29,33,376,355,104,314,848,279,332,253,309,268,100,306,277,497,338,281,104,145,439,542,292,389,627,431,132,265,426,456,877,552,254,633,372,643,390,665,380,761,1192,385,197,90,1842,323,172,1228,398,549,87,1483,376,618,360,267,1060,864,298,98,414,1304,98,405,1466,806,304,347,254,438,152,339,1941,752,435,59,489,277,907,929,173,2668,1694,469,770,364,1698,106,203,1280,1060,1376,242,1734,133,287,1458,256,1732,825,130,815,6,1059,1146,236,1174,716,110,1519,395,275,736,522,128,1651,147,1492,90,589,645,66,1861,229,943,610,101,580,216,852,814,869,31,801,1072,440,875,816,152,690,330,1309,612,141,1592,834,127,438,237,138,534,1644,1844,118,264,634,1235,443,976,117,2112,308,316,117,890,820,728,447,186,1456,1104,113,870,520,1013,983,316,628,1390,205,964,395,423,946,566,981,347,734,448,1946,667,1322,606,1080,229,1381,705,1519,334,96,703,213,406,1356,403,108,1261,1030,139,248,268,676,835,134,132,1495,400,117,103,827,709,88,120,170,307,510,727,262,454,117,641,201,1301,661,1236,198,607,73,257,1515,43,51,213,98,635,675,42,812,317,207,497,125,7,564,50,605,541,121,105,748,638
    Meat & Meat Preparations,165859,155764,170476,169456,157927,165238,180652,187362,202613,159484,174625,169783,159285,131607,166195,163994,151832,142254,127898,154715,164614,163092,202475,158595,159458,123576,108541,152371,168360,182063,205550,207307,194221,172627,163357,158373,135268,108983,126302,146861,136009,128345,146196,145762,169407,150025,143410,136717,137299,108088,110585,143393,134922,136760,126794,137407,153816,152160,135626,130282,124673,107656,125402,126198,127432,126643,112542,111942,128393,117065,126267,108137,109237,86641,121210,122940,123759,140294,124195,133443,115542,113631,117577,108582,109884,91983,102115,117636,120438,122602,102596,130922,127266,118709,128069,101221,119981,102129,112678,146127,130636,119711,112867,107306,93933,104844,106622,100295,111005,96412,111855,136306,111482,107875,121546,116330,112935,117220,111302,105946,124339,93302,126113,139119,108360,113542,114955,116799,122367,115225,119316,116647,102191,82686,101286,118397,113187,115918,97760,104954,107473,103565,104337,94073,89855,78697,105075,109260,114263,104074,81300,99782,103226,100551,101726,96075,104248,99842,101266,126676,96178,87229,88680,95071,103285,106126,99289,100604,105984,72301,99324,105607,95820,82627,89928,92444,92289,88403,82087,90211,102002,70983,80748,96122,75325,75723,79210,73713,93583,89682,77612,85357,73316,65742,63608,79234,81072,96308,98192,87100,101499,78246,77678,80188,74873,77440,87527,78425,80801,75830,67555,76553,73342,71723,74870,79298,78684,65582,67801,65559,65486,68279,63265,67240,62333,62302,66454,65862,66875,63990,64306,69506,65722,68538,69085,66753,65400,64833,53516,55919,62349,45024,61733,71553,67974,62980,63346,53067,59160,54097,57971,57768,57670,46313,55149,70633,62226,66633,51843,54213,52270,48435,51124,54786,53856,46231,59945,54917,52774,51104,44703,51830,49945,49016,57386,60735,51780,45125,51843,57295,57685,49462,39760,43172,45051,51872,58272,55033,50423,40300,46337,50875,50068,48408,49525,50647,47350,47555,51151,50651,51106,42468,46637,51869,49511,42918,44663,49677,48758,56631,49888,46217,34171,25043,30721,38937,32592,30736,27815,27006,28382,31279,29313,31462,29824,25354,33598,38935,30924,32243,36551,31658,36126,32314,32682,34123,34016,28597,35234,36541,35110,38361,37717,29585,35853,31447,34192,34285,31592,32352,40032,34636,33271,29731,33411,28586,31714,34775,36067,30358,31335,32023,35810,37335,37638,33970,31641,32755,32148,36592,37602,36080,34180,26510,27520,33539,29354,29841,34476,27004,31364,34337,28082,35445,31016,23899,26291,34745,30398,29799,26565,26825,33536,34747,31169,32356,28979,26247,28188,32189,27671,30842,30202,28993,30773,29427,32581,26673,30183,28444,34965,29690,29414,29682,27449,30860,26270,31443,35863,29676,33012,25011,30649,34292,30493,25922,28906,24246,29168,32955,40798,38418,33511,22256,31127,36970,27760,33079,31326,33243,27201,31168,29918,25239,24683,21351,24847,25120,33479,27726,28064,24668,25507,22270,28092,29582,22976,26464,29729,26476,24289,21725,19811,24998,24108,29391,23263,24310,19605,21543,19608,19436,21661,26184,24331,26026,21505,25323,23489,20662,19135,23329,23638,22054,22313,22214,21686,27129,26591,23604,28730,26151,26677,23229,31094,23822,22575,28473,24184,25087,29274,24475,24639,24166,23664,20134,22357,22364,26999,27956,27287,26046,29287,24455,25254,25614,30299,21565,23811,23001,24148,25348,27731,20960,18260,20148,21022,20055,17197,18501,20771,20373,18402,23885,14198,20337,17444,16088,15411,16906,17635,12130,16042,15051,16033,12449,17461,23304,16826,18566,11941,11079,10943,13865,15141,12787,15759,13115,13402,10163,10687,10092,8678,11432,12608,12169,11679,12649,13227,13807,11694,9934,8821,9429,11827,12083,12085,10813,10695,9567,9531,10674,8764,10967,10235,10982,7932,12103,12921,8589,12655
"    Fish, Seafood (Excl Marine Mammals) & Preparations",115139,100656,141082,159735,139899,150990,127423,133200,122024,102245,118187,110733,108829,99212,145514,151410,135570,146895,141370,143473,130448,124092,133172,110231,130956,96949,125528,189622,168843,151375,150516,146670,137174,136837,136174,136356,123474,93584,141179,192258,147032,120845,119914,107280,116536,106801,104720,106356,110167,93034,127894,160815,115214,119028,103409,100963,112884,114164,86143,97804,95108,84459,122535,161402,133238,159897,117295,121819,133028,103539,116762,113608,104887,84974,160079,160764,153080,151866,145056,132191,121969,107946,114469,121280,100565,97995,161427,153790,150769,149721,120357,144069,115738,115736,114818,110252,114691,89009,127734,169251,147109,136135,136193,140128,125662,114504,111971,103680,111740,93980,142489,161554,130025,143088,132516,112381,123319,106714,99804,105396,108312,118080,140466,162810,121731,134122,127236,112506,112476,101610,100364,100928,99688,79197,133788,146947,129412,129544,111302,115209,108800,100088,97006,93056,91203,71892,123466,139169,125001,114050,94448,112408,112528,101520,115327,95696,105611,88084,112291,153892,137205,127268,124834,128442,122672,113316,112463,107282,105919,69780,132010,145956,117339,107537,106229,107901,110294,92616,103254,98372,93050,87050,125470,131305,103979,106892,99364,98901,108509,94166,87646,89010,84101,70563,94918,128286,103159,106726,109656,117654,108931,94548,95437,91562,90322,75197,151046,118384,106018,102457,93712,103240,98813,101238,98420,88825,84768,83495,117028,113195,98332,93455,104277,101255,95740,94163,106572,96736,90041,80805,93300,126951,107439,100833,103782,96523,105831,112167,96889,87736,101546,81371,118185,115693,109088,108235,119779,109116,103165,109410,99040,99524,88912,81083,94019,121020,96245,93403,88724,88114,97175,82876,83033,78381,84685,71248,99086,90540,78084,80234,68365,77470,76429,71952,71330,66020,62326,52907,92394,76582,68936,67934,63906,71026,78418,65171,70642,74020,74141,56544,79539,90573,87997,78301,79147,86509,88775,81539,74035,67573,76708,59613,82503,86219,81806,66645,70826,75065,77657,68716,55902,51614,55866,50162,61793,60415,51426,49305,55626,55174,62091,56849,58673,52607,60691,58667,72754,96433,82843,91561,76796,66264,70149,80968,77029,63126,68361,53939,98044,97187,73501,80618,71940,58159,71986,69472,78606,65081,75144,69145,89986,85877,86395,87821,62445,79443,85075,80953,66131,61116,73300,69328,91412,88379,86371,91546,75964,72596,79920,81772,66928,74268,68797,70005,77285,95762,87217,83786,76854,82834,78828,67638,65186,65980,74821,60034,62812,96931,87617,72186,66847,71958,70223,68288,61956,71657,70780,55993,81403,75442,68118,69747,68634,41566,64267,75928,69722,56745,70246,47472,74914,64942,60889,65755,48621,52664,44131,51780,51941,34657,57967,43864,62981,48864,63768,57481,48270,71604,44055,69504,51125,69776,78940,44746,38668,92177,68363,53592,63587,53031,43432,62886,46224,55185,45688,55762,66070,60116,56072,61636,42859,40603,46151,54462,50423,62641,43292,43321,58408,51495,54846,37260,46356,46759,44930,39656,43204,40141,30506,40938,42268,33214,45736,30651,40249,32691,25807,30310,37618,36372,30547,35626,34964,39722,36802,45462,35602,30999,35234,33124,33035,34784,26338,39529,36980,32030,37914,36790,27606,30157,34861,31298,29229,31850,33296,30897,27042,31804,29890,32964,25179,33088,23923,29172,25966,26107,31965,24571,23296,29704,20577,30613,26554,21372,30869,21884,23970,27961,19989,21103,30459,27683,19379,24148,19172,18790,22396,19766,20733,21527,20013,19658,25680,20127,16045,14672,14228,17249,16630,19541,21355,17245,15867,15820,16522,17068,19812,13835,16975,16917,13134,20658,15824,14031,13904,15897,17541,16289,16784,13442,10532,21972,16833,13891,18269,15349,11941,9988,16915,10422,11021,10441,8490,15558,10736,10943,13027,13794,13371,9904,11533
    Vegetables & Fruit,195212,181392,231085,224917,201266,211613,190583,208074,219394,184703,201675,195774,199737,170511,244799,197037,196935,192597,198503,210676,198340,195481,205412,188282,206513,173955,203858,213763,214267,188718,208734,214650,209167,217088,198634,226253,209907,158200,226376,235587,205674,195947,194609,210017,214306,205652,182769,193697,206114,176890,217320,223394,186750,196274,184643,200836,226729,207951,204112,217899,199147,169661,201040,206238,184222,182800,176730,189623,193957,167653,193397,175719,171249,135178,211116,183733,177771,179789,164532,181428,185032,181743,201888,183725,181662,172906,213575,199949,201056,184869,176556,204148,180784,191454,199552,171522,193678,155849,192216,215360,189550,178618,178728,186866,177856,194308,190796,181990,188841,151193,205940,200623,171610,175953,174568,163077,195880,178429,179618,183348,165794,158923,200917,196246,163087,165926,154143,173246,189916,168925,172294,163049,154797,130381,181325,172472,154964,155462,140993,159838,173497,147891,162736,153814,147708,121075,184242,149707,149048,145819,133887,153866,154872,144735,152017,134429,137138,121921,146667,165099,148091,132472,128791,144954,145371,135286,132226,134162,144013,102793,152902,148970,134978,118364,118448,132684,135426,131136,124692,120851,119169,106365,132272,131273,108227,111405,111992,112741,125350,115523,112486,109093,114940,94781,121878,130172,107975,111738,116485,124499,128660,108034,113952,107775,104724,86399,136508,113401,109683,107772,99516,113523,114239,104898,104572,97681,96180,96201,114773,98983,96701,97863,96931,103737,101442,100426,96661,90921,98801,77728,102071,110986,92372,101840,96657,100386,101524,97746,94533,91020,91510,70625,110136,99029,93966,93642,97236,92385,101756,90524,94314,86925,94189,75368,97476,97842,92749,94993,90765,99030,97807,97076,96021,98032,95316,74205,120792,94570,95186,88997,84455,93207,97251,88057,90177,87671,86298,76270,107259,100456,94837,88407,82999,95784,96631,88088,86298,80668,85174,66028,92554,96027,88362,94661,83803,93794,92352,90900,84682,77447,82793,62329,102610,101480,91793,84282,82703,92324,103635,89982,85836,87458,90800,76826,92060,93501,79610,80484,87545,83128,91686,92163,81153,85566,88570,66454,92940,107069,91225,93989,96872,97800,101681,100843,97294,99489,90649,64588,119946,106523,100396,101392,108017,111168,123239,103020,94536,94414,84922,86508,107576,115598,103950,101604,112240,117945,105662,100428,96670,91866,86354,74203,116864,113524,103681,108520,108064,103891,103845,101898,87004,95315,91712,80066,126690,115193,98983,101638,128288,119453,113214,106430,89044,94483,107300,96412,108277,135904,101865,109907,105192,113635,126965,108000,78165,89765,97771,70336,111438,103175,100006,90966,125892,131316,131983,91191,99876,94215,98617,92269,103233,93599,88978,99996,96876,100222,93894,94710,92133,81943,85086,66283,108298,94471,88156,87306,102112,112444,98923,84415,90435,81887,75810,66943,94170,105843,99026,96097,99992,111217,95176,109576,87049,74720,83167,90404,98406,75058,81785,80052,89658,88444,91593,83759,79630,68204,54628,84555,93682,84040,73578,87678,80665,85458,84484,78688,65254,69931,56811,85936,75279,77070,70419,72240,74983,78369,72949,81950,65902,67537,65063,93764,78903,74270,78915,74569,73676,76117,86753,75843,71171,61277,64945,74484,101887,68036,67306,70487,86381,80858,92207,70197,63696,64993,56273,67298,70106,61739,69116,66795,77769,76342,73197,68945,58935,57093,58699,55895,80441,66793,55960,59532,81368,63158,68657,100927,54261,54840,47011,63660,76071,61430,48100,54496,63538,58266,60056,52569,53803,50313,52069,57647,61771,46454,51844,45426,53403,56594,50039,54172,51255,41823,44478,47748,56095,45861,43981,37239,48857,55467,49862,46872,39676,39803,42418,45721,51451,45728,35404,39753,36101,36789,43835,42692,42679,36014,37657,47912,43245,39543,36950,32864,37693,43717,43638,37804,35883,28089,30562,35846,43133
"    Coffee, Tea, Cocoa, Spices & Manufactures",222853,205166,202609,200252,206769,210129,179199,198176,209282,177369,158823,143010,152705,109424,139549,123198,129736,125078,108011,124850,109334,104776,117258,107830,136677,113960,127142,124785,127321,115228,134202,129105,114432,122408,109471,125277,120573,108568,121962,125983,122268,111427,105406,96335,95200,111459,104280,93250,120982,94544,101962,111713,98533,103585,88207,91349,86592,74964,83398,99787,123011,109737,107920,115368,120550,120255,102927,103637,107952,90947,112928,99560,101776,79888,112519,121609,113784,115600,92568,100469,111431,96002,127278,111032,104720,87403,101693,115401,118658,107967,88565,108591,100658,110528,118725,104246,113237,92890,100061,112003,114980,109095,122706,113661,101333,109712,124454,128224,142952,112608,103164,126085,110063,127079,167424,131366,124449,127171,113299,128279,153854,130788,128633,124059,121589,143763,133395,121307,126601,116406,131563,146419,127160,108704,124233,122730,104660,123292,109621,101577,115845,77226,96226,127629,89333,79664,100430,95152,108197,111990,105878,97898,92383,99888,110531,113369,144689,93091,109450,131850,153858,139513,104375,125987,108981,104750,91714,135885,113562,77939,121857,108724,101749,99330,92607,108254,107658,97802,80134,100396,103351,76622,96694,111790,94150,95423,80481,69030,86606,93696,70544,70078,88037,95820,79674,88911,104071,86454,81424,87595,102399,96184,97605,82417,90110,79901,85051,77426,86744,95051,86298,93264,97292,88349,76156,68627,78644,68538,77281,72587,72064,78817,83570,80321,81842,61322,67018,58091,64510,51829,57008,64624,66104,65680,61900,65714,64806,62712,56027,54678,60026,56331,63444,82813,64413,75391,56517,57859,78570,61672,61154,64067,61984,65653,77017,71159,77535,77385,64649,58915,83915,56707,68356,68196,71893,57680,82345,53474,59703,52055,49338,39173,39434,38040,53478,64592,55091,40249,52027,43579,47422,57371,43759,44137,49534,52158,57399,67054,75613,57054,56499,38674,45304,41483,48557,42349,43023,50831,64531,52834,82319,53431,44307,44668,42968,47666,57905,63735,56966,58603,59672,62519,54147,36509,39725,48837,40434,39542,30696,47814,54102,52322,47132,57964,54264,36120,37271,56805,42057,49909,48224,52224,46827,44623,54228,59628,59607,39345,59728,47464,40287,46225,36690,39414,35513,39359,45102,46344,43834,35052,39983,39036,38710,41917,40633,45869,44120,46952,57214,58357,84696,41625,63769,89782,77107,55947,64958,53648,54207,49826,42627,54716,52339,39106,70097,54782,51081,41432,37836,36585,35146,36854,39574,44936,55309,50120,49579,76069,52333,42296,36419,29829,36563,31602,36030,46456,60574,50986,64093,53547,46229,37453,35397,40636,39757,41403,45677,51273,52858,46008,53901,50138,44393,40567,36467,39762,45585,56433,57277,65395,66898,59662,75113,38348,43353,47345,39228,52279,57195,60579,49434,62280,67855,63160,56299,67852,58642,53974,39128,60263,70450,74102,70718,67881,78568,67744,81780,81825,76469,66868,56388,58384,76561,68210,63511,85567,74282,58519,64002,79476,101796,82647,65406,63098,80357,81520,83320,105876,134815,90672,78748,131832,60529,53341,52103,55632,102288,93959,56374,90240,49414,70477,66392,48894,103911,87616,49801,59853,74934,49579,67075,84943,47115,62388,72592,111799,50662,49450,42037,49742,43192,43701,47338,57632,67987,35694,60985,79960,52640,41194,41831,48247,40708,36902,54459,38860,59548,53267,44784,28205,43395,37038,47903,34407,54664,31603,44082,41104,37423,26498,38479,32025,23773,31359,29927,29142,47842,30343,36065,30763,34915,30247,32336,36262,48092,28946,57863,38570,40305,35857,38920,38476,29345,21184,25978,26608,27996,36575,26633,26624,42128,48323,23548,37898,24681,30074,33443,35777,25333,32089,29401,25884,33558,37726,45518,59537,45775,37896,31148,27417,35462,21045,23403,28005,42906,31513,24048,33348,18712,15197,11036
    Beverages,275692,212647,271862,353684,298772,338946,347048,373476,441323,292133,317338,337111,320341,230538,301626,323161,393568,345795,392608,514642,447467,484172,537816,383571,428005,271150,320742,457935,443770,385669,425061,483871,403847,395658,310526,382465,281106,240936,277423,391451,349562,361413,406406,345746,372333,329274,342686,328851,349910,244559,350377,395217,324528,339984,312518,272876,217385,215656,186726,269790,309226,223485,271032,333026,350545,341823,340028,350079,301159,279916,345068,302530,312311,231968,274790,364026,325340,389192,305810,403572,314718,273201,312738,314696,314096,236590,296835,352347,366693,298229,254664,356571,281110,271953,283210,241967,277687,255278,260064,306997,351216,278200,258419,291688,254348,213880,260533,236755,276139,233241,257732,311213,299877,337009,318309,281320,266553,218075,236082,259704,244501,205008,256210,295265,244033,366693,260855,293775,321156,259134,263662,314266,276538,195051,270535,275653,264895,345762,302540,308791,395768,215975,303816,306622,253942,179410,322604,282388,266050,352322,247403,300100,280901,210490,243950,237335,238144,208395,203072,274081,249791,262561,226607,294724,253031,246639,196427,262798,229483,159400,193472,262430,214593,213787,196067,225177,206224,192095,181574,186840,160789,144684,149094,191679,228394,224539,211565,167374,195252,160994,128036,127292,116409,134640,143004,170673,192897,217069,250205,199192,239617,227248,149594,193006,149430,136670,196012,229538,189164,211125,160281,209013,166452,186111,143896,170503,137317,135017,150762,181983,173307,169590,156541,183855,147260,142263,137810,93448,103135,106760,128751,161285,145014,126249,168580,206940,107648,119425,108598,92908,100135,89689,95817,128129,113932,115630,123589,108094,89575,135316,106653,82037,97896,83174,63165,118500,103878,98261,88006,98895,66417,63929,62429,76214,75299,57610,62416,78885,83887,77936,78008,70721,85901,67404,76348,51256,67713,60587,65324,73966,70699,75354,55901,77988,83625,66089,64294,64998,76768,61647,64596,78059,89905,69485,84067,93112,81203,59769,65326,58061,64394,54740,65797,71779,78300,69189,60686,76418,82285,71283,52943,57608,63263,55595,43728,88362,47674,62458,51608,61234,67490,53854,52178,54360,58294,47748,61348,74006,104610,90135,84247,69710,71390,64579,74792,63269,52535,68094,75042,76344,67700,73114,74154,52652,88235,50588,68589,65668,286491,61912,74469,72330,58541,77226,72967,90506,69346,78613,74991,63319,71820,68782,58928,87323,72397,72426,61986,66110,66844,50583,55138,77306,55905,55499,52616,61228,33362,74498,53496,45171,73073,43637,56707,55894,68425,35661,44396,57653,58495,64020,74130,53481,57587,63860,38946,35251,64963,50183,75592,54417,56720,66238,56459,65197,60464,57354,60094,49911,64791,53797,44088,63687,54824,53883,72511,41313,39423,34742,29645,29484,36432,33684,42997,38211,38484,29552,24346,43536,45948,38767,26194,28094,33905,22977,30820,31247,31782,34168,33302,32309,30060,30460,29350,22378,31812,20979,36211,29509,23904,22179,29767,24440,28264,28389,21347,29496,17721,18901,27424,25349,19051,21358,18543,26537,20515,18262,19295,28117,15762,19861,28619,22900,16316,17913,16441,24448,14880,16942,20140,11338,23639,22884,25346,20877,32258,18450,16124,19520,19935,14867,15552,16230,20510,19283,23147,13177,18583,18557,18806,31641,22403,23136,15734,20806,14516,15755,15690,21882,15705,19894,13841,10588,10594,12505,11278,16022,19718,16622,10308,14775,12505,15669,14678,14182,14074,10498,16405,8044,13148,9554,15926,15047,16514,10866,10758,19285,14350,10831,16525,10167,12522,13440,16676,10552,8676,8351,11431,13333,11590,11743,8367,9141,8476,6338,8897,14018,9224,6447,8649,7853,8644,8504,6194,7261,11707,7826,6091,10365,6364,7403,5656,5458,8480,5870,8725,7043,7698,8454,9762,6263,8342,5246,6017,6424,6825,7895,6772,6008,7728,4401,11182
    Tobacco & Manufactures,68001,58268,85478,94767,88088,81784,65458,79325,75957,85249,76220,69752,59141,55838,95624,80485,78376,85695,89024,68746,57841,44374,61448,66782,66016,38352,73441,52089,58111,59119,42605,52259,41690,56074,47170,55326,57781,38576,75246,90999,64832,74112,85541,73025,65347,89564,59226,79970,74164,50558,91934,91136,67617,64557,59623,69710,78603,85377,63785,56201,62142,76154,98706,123709,121016,118587,91896,102838,107598,84067,107937,114244,104637,75084,111171,150292,131582,119008,94225,106643,95495,100736,92441,76683,81113,85418,131837,110751,114855,104522,106603,118409,87336,127236,105592,80729,101942,85262,91652,122483,118148,97012,101087,101436,84441,118568,80210,90543,114926,87349,91993,122239,109154,94503,94303,84277,82541,96365,92100,87643,84052,71604,115484,93761,89917,105292,82869,84060,84279,82103,75190,79612,86759,71653,102760,90704,90772,96532,82996,83398,86739,78465,73713,87406,90531,65488,87835,94198,81650,81696,67656,94181,74934,93646,72505,73518,74337,65572,70960,85247,71670,68243,65560,73177,69366,73381,66135,72839,66868,49139,68028,77537,60408,59935,60149,60538,69593,63903,72964,54106,63501,41453,50387,62521,64134,61512,51055,65570,53390,55992,56608,63612,67617,35000,47899,62488,45873,44182,48347,41923,50782,50240,48910,58509,39508,27150,66002,36253,52842,50693,51459,50724,59888,48316,45478,39944,37376,34641,59527,53801,40130,47680,54267,61663,47561,54785,42858,38277,40881,45517,66280,58961,57906,61314,52376,69339,54730,52532,51188,48871,51891,47527,61507,81490,56035,55418,61483,48524,60410,48651,46194,68621,54998,88300,72685,57298,69623,68946,61259,49737,46478,68270,67763,52851,48342,80099,84734,66729,64937,71985,68204,68919,79003,59895,49102,97852,78569,78816,86701,104027,103192,82137,75861,100178,95145,97413,89750,80690,81940,114045,94824,87775,112837,113835,97464,109289,92586,85897,98575,71216,94346,51541,72013,103657,104234,81623,85947,68151,84618,111911,98583,121626,85314,94878,140527,131521,116557,151815,114851,105236,171131,148623,134855,140586,104043,116331,164614,178738,170796,162180,148979,133015,125310,111646,126686,140382,119529,128500,202894,142997,141257,157795,152084,107915,147451,94073,93391,77872,62582,73272,102729,82017,72895,94855,94576,104434,94719,90612,97396,98515,113048,96421,127224,139242,129507,116202,112454,110233,107120,106340,109092,115521,87952,111399,122115,126641,114864,106606,108830,86813,138407,116578,115025,141975,118173,95935,158625,127930,97539,99200,76443,76476,67065,63410,87919,68141,59962,53285,80012,78867,68463,76844,48083,65765,75908,60850,86240,80559,72312,71109,81995,87624,64477,73932,72732,88315,79735,87669,70680,64173,72475,51622,79475,53993,58436,48098,55326,58837,53076,52214,56802,54710,42872,30098,47936,41538,39914,33266,22555,25923,38648,36305,28805,28055,26909,20746,23438,21258,28561,22889,24291,26561,31344,22333,19797,19383,16139,28390,32708,17948,26394,24211,24756,22967,25874,18489,23921,25343,27839,22390,20102,20539,27367,22148,23589,24493,19565,22940,21793,19976,20386,24887,20128,21311,19746,20971,16704,22080,18340,15518,18839,12870,17883,16252,23312,15219,14600,15294,12532,14723,17903,16759,19927,23154,12592,11750,12897,12944,13593,14961,11656,14749,16712,12588,16368,11929,13839,8748,12472,11278,10575,9409,13357,11632,10214,8239,9587,8900,12994,7596,8947,7047,7768,10481,8448,8868,9975,9061,8778,14963,8110,6080,9433,6262,9507,7189,8022,7799,7139,10179,6378,9304,6751,6933,4956,7588,8054,5911,6553,6561,3798,6033,4041,6832,7579,4830,5765,6103,4972,7494,4863,4735,3371,4604,2711,6366,4783,4096,4574,4229,6922,5646,3963,4075,4875,4262,3872,5880,3878,3774,4866
    Crude Rubber,14045,20289,20718,18482,22031,20799,20872,23996,17145,20853,14582,24679,23798,19264,19978,19136,21952,20806,23510,29598,24397,17363,23879,29236,25108,24520,16826,25451,43562,28034,52662,38593,45718,35593,48570,43694,53127,27283,37870,41433,30539,42193,45173,47893,35710,37946,32967,54450,44715,50048,31746,35721,27235,74969,28412,24208,24097,33997,24690,27111,45498,38916,30090,34099,38357,46065,34239,50966,45185,46899,41900,30493,46639,43490,38274,41974,56251,52470,51354,44095,54357,52232,49175,72224,52729,50664,69787,41566,63620,62183,60000,65858,73260,79914,67381,71046,78379,54829,45768,41951,43486,39637,43574,51258,40572,65847,69196,65026,66782,58748,41334,40955,55719,73234,53931,49314,46506,81796,43143,56036,61528,47049,43806,32150,34669,31910,32253,23100,25265,27563,26688,34466,38659,34005,36975,26400,40675,39089,41342,37325,43033,35505,54877,42740,52631,41058,63176,43862,33818,54396,42656,50215,54598,63267,66339,66026,82502,94147,64931,47790,70148,72013,61958,75790,71302,78037,81042,88348,112667,61479,81831,62790,51827,53797,49899,56790,60974,61705,60577,56729,69556,60274,43229,40331,30405,38039,23330,27065,31338,29590,23371,30503,33559,32138,28261,25134,28645,43601,60553,64063,69536,50135,54669,65440,71308,60344,64285,45621,43246,47128,46777,43982,49523,54304,59194,61628,59885,50264,48698,33262,37079,55723,47358,66602,63162,72735,59138,53385,70859,64639,49034,67445,46415,48660,40254,55455,51256,48345,45443,48387,47770,42611,46734,55081,49847,38522,46952,40308,30570,32331,30805,45791,47649,83917,42823,43500,40607,26149,29653,26710,32190,27175,32072,46929,36192,42268,36370,36419,36577,20302,31862,20242,18272,17535,23210,27283,23761,20673,26009,16004,19467,18340,15922,20201,17719,15402,18691,17540,18588,26156,30667,27967,30757,26322,21569,21364,22288,20469,23901,25013,37979,37372,37525,44803,47226,26266,21267,22707,18170,20518,18719,24123,28401,27159,34002,27060,30082,29192,25165,26845,29580,26275,29142,24698,30854,43756,36067,50500,36597,38563,34289,32112,32675,28503,31881,32549,40181,43783,53225,47334,44453,40954,44227,40237,45683,38359,40214,35279,53858,53976,68038,56566,51705,41949,49410,52869,56444,54529,55181,49500,67221,71600,76779,78225,46412,46436,41941,42824,33701,32615,35011,50228,48357,37206,39877,42426,30543,32600,39839,34400,37834,41507,42353,40779,52155,60965,52250,58141,47287,48333,40021,38378,47423,44229,45093,54753,64640,47185,60098,58585,56244,53306,57829,63981,71490,49151,56498,57423,86533,84644,82922,86341,77976,71087,65838,62386,67573,65758,65519,73316,117070,105438,133888,76608,82862,93902,103601,92995,96852,109862,100094,124574,170974,124878,89532,157875,137715,138248,139637,165966,172995,177585,109820,125083,125127,128228,120018,114385,97062,100142,104750,99054,111181,77376,75881,102732,111109,86116,79653,76109,75594,76477,75733,81603,80109,66656,66669,85285,80335,71680,67095,71687,59971,75843,79704,92678,70716,81173,70602,90108,92132,119553,98931,114499,103303,104063,96208,102501,115273,115979,136144,148129,155710,113404,148820,165134,160537,149310,126841,139980,131762,136144,99192,109822,190296,119355,93873,104807,108352,102735,114373,111826,94715,105400,90555,90910,128300,112365,105545,96116,98745,114289,102887,152427,140297,133939,138293,153333,161517,140212,227692,169566,166261,140320,181942,176667,160407,183592,160395,177007,117591,234287,295496,164274,188830,180678,188045,156657,144112,165271,154714,164624,166397,174241,169902,126469,140326,152668,140707,159543,106551,151666,111079,94993,130438,109664,153536,139038,109319,111233,147933,131456,131083,90161,101748,108430,131687,115653,167664,118286,117333,141563,99746,131940,93981,96078,97000,78298,111290,117942,98601
    Crude Fertilizers & Minerals (Excl Division 56 Coal Petroleum & Precious Stones),75843,74034,80501,82801,89737,96097,92839,93409,103146,82021,89801,94919,86905,67485,90402,86838,87269,88260,66080,66822,67166,73433,78051,79831,80919,73669,69624,78019,74782,58958,76525,93763,106626,105252,95225,109473,98715,75702,83153,90519,90951,72380,73194,90551,96080,111363,95071,86833,94617,61178,70216,82087,71017,66613,40840,25357,29123,12516,13745,59088,68971,54254,45842,57428,48960,59082,51135,55493,44029,43387,51636,55871,56054,38612,52103,53840,47382,52207,43891,54144,55700,73802,119611,117984,121632,121645,156246,156358,134016,129093,73874,81959,58274,110731,131345,112262,105715,77569,76800,97536,99972,90074,86910,69457,62608,58659,66481,66653,69443,50771,61784,73461,60600,87891,73859,70807,84294,84459,79778,99371,91580,82225,82509,73911,73180,113780,109157,114090,105735,110431,113297,140904,130892,114605,95341,99930,99225,349623,135061,132442,138632,113082,112434,108014,104872,103713,128282,88343,91208,105362,87523,91273,99630,93455,87122,88085,105937,92434,83498,120132,97456,106174,93607,85005,89162,90656,82211,79676,81043,70484,74638,79168,74609,67100,60270,62865,79390,83069,95736,89514,120225,97382,121680,131458,118292,140484,153872,178564,244820,216454,184237,183370,232404,179335,119613,134715,134385,137094,119862,115312,104632,83489,84721,82170,86213,61939,85753,64878,85302,90415,82161,89906,87079,73231,72624,56378,46857,42384,37956,40658,38943,38546,38568,43112,52334,38316,90376,75505,63995,46816,68109,28154,72328,34917,57633,50750,58632,31769,31701,56223,39098,24817,30824,35637,27674,37760,41985,37189,34602,32693,34248,31563,31678,32488,28262,28481,30513,30680,30192,33686,28881,28531,30919,28653,27770,19627,27077,12495,10600,16153,13023,24963,21058,26764,35124,18800,18110,12816,19377,20463,18945,20952,19217,20742,19623,25280,21114,24202,20756,16960,51168,73339,51524,63709,67481,58166,60355,59512,29900,26286,30519,22676,27608,31182,25962,27224,30340,28928,28247,24326,30488,24762,26308,18540,19031,20025,16148,21688,19392,20187,23896,26600,23287,19043,20165,17236,19750,22018,21406,19262,24236,27931,31250,24829,28492,30783,30387,19585,28925,28197,25253,31213,23710,20521,22402,20289,22906,21695,21530,17791,19147,19859,17406,16561,22527,21700,17461,19121,15495,16152,20087,16251,17663,22860,17339,26424,21416,17294,19132,19329,18265,15112,29445,34356,33904,33885,32987,54251,29117,29844,27435,40310,32812,33512,34281,29433,18622,29769,31836,28084,25606,18902,13800,11570,14098,15342,12212,10012,11924,10329,12124,12853,11211,13287,10813,10506,13321,11022,10775,9449,9097,10333,12536,13421,14479,17741,9929,10880,13730,8338,9821,10498,12722,7615,10934,7268,11191,10540,8287,10056,10839,8553,7380,6621,9297,10766,12122,9760,10499,8655,8400,9980,6432,9366,7400,5989,6586,8754,6258,6732,6262,9540,7420,6671,6820,7688,6956,5693,6860,9295,7381,6686,6568,6789,7179,9237,8142,7192,6849,8339,8943,7122,7453,7093,9068,6721,8556,10487,8829,8671,12579,8052,8429,9008,11900,10064,9808,10728,12128,8414,11607,11059,9105,9519,14616,12619,10973,12792,10524,10730,12848,11218,11118,9780,13103,7779,9558,9139,7664,17759,10739,6168,8974,12420,8436,9027,11146,5924,6404,10231,7877,10163,9849,9907,12048,6660,6964,11204,9018,5043,10712,11397,6831,8883,9373,7170,6713,7547,10527,9618,8232,5548,8272,8808,14419,7414,11727,5752,8359,7757,6837,10812,10851,10186,6194,4067,8012,7067,5182,6907,8303,4940,8132,6735,5731,7662,4585,8003,4658,8459,5233,7222,3767,3695,5298,9204,4499,4356,7308,4664,7319,4185,6592,4682,8320,4173,5010,7451,4200,6105,5769
    Metalliferous Ores & Metal Scrap,43299,193851,43434,72288,37729,35030,37316,66793,41465,32912,46763,30156,42237,37090,43333,35882,47814,39492,59522,58465,60802,80451,81184,62994,84552,73684,76495,76083,93501,104966,99386,68483,77694,110870,93399,317580,107695,63169,100912,91947,69278,95313,78347,101625,119348,108849,100883,133556,115179,87651,60546,95921,73201,57578,63394,33995,55967,55729,20774,60926,78896,63043,45537,52524,52651,62992,51751,40814,56457,53287,59920,38739,68292,47972,41399,56804,50579,55716,46571,42948,72265,52106,47229,57479,51089,34759,34957,31924,37008,39535,39474,35618,39865,31577,37339,39621,35378,38260,37704,33729,40694,32430,31113,37627,32571,33303,31013,27848,34027,27469,28343,35553,33966,43546,37581,29459,44188,57207,38286,33765,48340,36445,34477,47325,36168,49142,52816,50576,48545,66792,57718,62288,65174,52185,47187,79889,49264,58207,51198,72663,83320,67053,63756,54278,67867,57104,54274,73511,65298,83892,73667,67037,85204,98423,65050,73043,93140,69020,58815,94445,80444,40160,62766,80111,76178,64315,57170,50358,74205,57232,67456,65118,69635,33369,43782,37215,38320,21336,25776,35993,23862,19456,26074,38940,31760,32322,27001,26806,31426,36534,45132,16650,16958,19807,23812,19573,35003,63130,55802,63828,44343,59951,60633,53698,48245,60943,46599,50529,40542,41551,48649,51594,41961,45269,44044,43387,48049,40232,50948,64407,55545,42931,48158,88475,40082,46958,29474,30551,25871,28835,28009,27863,35211,23174,32147,31606,22330,28399,34463,24011,30336,25829,30309,35501,29269,28699,31725,21294,28273,30136,37935,36110,29419,22158,20413,31808,17931,24171,10028,12326,27842,18391,19395,23168,16145,18663,12759,15807,14942,28969,21173,14136,15309,23210,11341,16802,17087,11320,10509,15784,14166,22306,12182,22136,11164,15925,13104,11752,25334,15167,25346,24539,21827,27833,14800,21992,10985,14802,6956,15735,33781,7493,21637,14365,20814,14606,14751,6346,11132,19997,12048,20111,8232,7056,14258,7072,11144,12218,10901,12825,10186,8662,15789,8850,14287,10681,15399,19710,12387,15417,26373,14776,16025,12778,15479,12899,15187,8524,16838,9654,19614,10387,12573,21999,10905,15959,14885,16314,15330,7267,14718,15580,16026,16934,17267,12834,17675,14831,12157,13019,12091,17626,12192,9692,15834,13715,21167,9174,11440,10470,8205,13727,16920,16153,16253,8307,18406,8559,9277,23943,20776,7664,17764,7737,8817,14454,11362,9419,14336,18319,15864,8312,24189,7909,7687,15343,11871,21166,9335,15839,20433,17247,13161,28545,16249,17700,11808,17106,16320,9615,10708,20916,17997,16430,9855,12732,33702,21823,20412,16921,20059,25936,17394,22978,16724,14626,16237,67196,36953,25002,26144,16344,18258,17506,17267,19154,29659,18675,20769,17444,25064,15066,14030,19331,11554,17803,12324,11336,21901,18890,11012,16516,13343,8334,15818,24052,9389,16077,16481,6570,16292,21263,30392,11090,3780,14542,3359,4107,9983,13368,17117,18565,21646,18390,10859,11884,9504,7679,11919,21454,16266,19728,32306,29318,31578,10037,11016,6026,15290,8316,9754,6491,13743,5878,29257,11881,16479,12458,14553,13521,10252,11484,7672,7763,6109,14296,3284,8523,8260,19410,11468,15993,8146,3006,14392,17887,17198,10840,30378,8110,25566,10158,12989,24142,9328,8710,15758,13825,10687,21530,14506,16580,21942,17807,31925,23429,14772,10935,19979,12113,9345,24366,12315,13792,13931,11662,19891,18528,6806,23371,4079,8442,4810,2213,2893,10635,10463,3542,10023,7076,6245,2661,10387,5708,3822,2443,6101,5774,4386,6099,5343,8991,2435,3569,2186,1810,4899,4135,2042,4343,2655,3906,1180,6884,2452,1068,2669,7866,1092,319,1092
    Crude Animal & Vegetable Materials Nes,34491,30440,34574,37414,39167,33365,31310,33079,37225,32730,32281,31689,40845,30054,37622,31090,38054,36668,30190,37164,36242,31507,37982,31365,38949,34847,35650,43731,44502,42939,33148,39651,33860,40974,32556,41841,43858,32837,41954,44625,35049,33069,43666,28972,32183,32449,30082,34653,35551,24862,36218,33419,31680,28689,29178,27561,26110,32905,27039,28390,40148,34207,38183,41850,38235,50639,39466,32990,38159,31381,45193,36340,38281,26064,41473,33699,36511,38284,32049,34853,40549,36032,43972,43409,36131,32621,43287,39403,39617,34865,32791,36034,36895,36754,36847,34070,40375,30184,39429,40527,40709,34901,39868,39986,30937,37985,38597,33221,41113,27149,36187,42020,35201,42963,33106,35116,38988,37739,37278,33720,36008,31200,41393,41989,41595,36962,35639,35351,45402,39547,37571,35251,41858,30083,35776,49175,34169,61554,39591,38673,38313,41261,40151,37493,32048,23899,37999,40275,34165,36539,32180,32501,31555,31817,41083,30902,29787,26710,30439,38297,32283,36037,39817,35143,33795,32186,30578,30188,30982,19499,35774,30571,30751,26719,30778,24162,26396,25746,25839,28215,26976,20825,30117,28062,27386,24178,29124,24354,27699,29208,24275,26226,31785,18759,24557,28322,29086,25343,29429,23319,24699,22865,22321,27304,25757,22395,31725,30251,24940,26361,26498,31516,25626,26433,27144,25448,24333,23677,29694,26246,24022,24013,24004,27259,23519,23536,21669,22707,22347,20246,23598,25203,23922,21790,26816,22785,25099,20705,23006,26156,24653,18791,27100,19707,18829,23455,24157,22422,22584,21870,22921,22748,21027,19825,20086,24174,22521,23512,22600,24311,23381,17246,20933,23939,24643,16657,26299,19824,18128,18886,19143,16352,17175,17141,16707,19217,17555,14487,21173,17926,18153,17051,16386,17159,17066,15126,19501,17274,18569,15814,18234,17704,15972,17291,17422,18133,16365,14468,17804,15703,15726,14342,21383,17656,20309,15861,15941,15548,15784,15973,15005,15771,15891,13111,17020,15547,16251,16880,13684,12924,17584,13804,14039,15912,16541,15341,19335,24191,19216,18350,20420,21074,17894,20296,18072,23566,21137,14625,26711,21604,23308,23407,23136,21487,21281,18919,22993,23430,19273,19884,24824,24779,23044,22090,20806,19570,23852,19777,24191,19958,21278,18822,24868,24834,25108,19579,19153,22065,18940,19048,19408,19542,20976,21483,26149,21860,22765,19473,20638,20773,18255,17623,20326,18791,21332,23582,20899,25597,25035,20129,17934,18680,19918,22056,16782,23658,21707,16121,29361,30669,23658,23493,17486,21559,19957,18256,24146,23887,24066,25589,25052,23590,15707,22489,17332,17408,22953,28489,26159,18067,32411,24331,40368,28503,27942,31429,22054,43603,18168,31993,20665,32589,25023,23749,17812,33676,24934,27847,24665,22316,34155,23132,32585,20792,30773,25149,32601,37615,23436,20996,24882,22147,23302,26760,23079,23407,18288,28280,29822,18874,31133,16434,16712,24926,23704,27573,20794,28972,15051,23701,19209,29457,15101,17733,17012,20349,15372,20662,15881,15232,16773,23512,15534,15622,19159,18715,22003,16270,18015,14289,20962,16941,19589,13630,18166,19442,14089,13839,13536,14675,13660,18952,18717,15412,20271,17452,15845,22710,13323,15408,12566,14282,13086,15478,15770,16277,19397,14358,21342,16049,13419,18444,14382,13635,20843,12739,19210,12934,11922,14122,16024,14094,12716,15890,16269,12720,12692,13093,16999,23520,11791,11656,17083,13469,12055,9313,12161,12768,14124,11050,14100,9975,11816,9802,10532,11615,9454,10914,16422,9551,11832,10855,13833,11877,12676,11955,11701,10704,10105,10829,13733,8966,9669,17165,9604,9542,9049,13499,12788,12089,8182,7643,7713,9539,10948,8451,8598,6544,7148,8307,7058
    Petroleum & Products & Related Materials,8533958,8385939,9162322,9175854,8630918,8556440,6761689,8447462,10263832,8427462,10131688,10535263,8913094,10060808,9348435,8054654,10832191,10384858,9958998,9430889,8507733,8514913,8277006,8085722,9555388,9040882,9271097,10133462,10430739,9941663,11414020,12110040,13177552,13120751,13156046,11689629,12651843,8347907,8670483,9025281,10034518,8412076,7620878,7685076,7918785,8282956,6527395,8234618,7800109,6092450,5919276,5474929,4424281,4476271,6547852,4648356,4354555,3926420,2472622,4206515,6048211,8118437,8557895,7754654,8635079,7632946,7009008,7413353,8291181,7485600,9341276,8312257,7233189,7944022,8981609,8606323,10517050,10834148,8596442,9264314,10003007,9443290,10605065,8003281,8161554,8411552,8898226,8858718,8923748,8156374,6834985,8044909,6577375,7024687,7777299,7472104,9003041,7730492,7904634,6827761,7158161,5885141,5739214,5409315,5829981,6309343,5642729,4961475,4275233,4336166,4344379,5157720,5467340,6311490,6293687,6561864,9467572,8443171,6761922,8597443,7971407,5587720,7135959,7829073,8258976,11935258,11792452,9840256,12168376,10744439,13618760,11837289,12740026,12069574,12441225,9980342,11712156,12842896,12185125,11720302,12085039,10602443,11693741,11911521,9702028,10848103,12782111,9800633,12538735,12831562,11126138,10821577,10327090,12549567,13852924,12170117,13700080,13758504,13665088,9564834,12995243,12566753,10864135,15159282,10273707,11851007,12764268,12245497,14855860,9500048,11156601,8852589,9067867,8881618,9342266,8700217,9813399,10507228,7809962,10640910,9184874,8846966,9168416,8253635,7438350,8091176,8421508,7545555,8018624,6645110,6526250,6494751,6018435,6096887,5912780,5870604,7798219,10257315,11358192,10773328,14310089,11893962,11681367,11192984,9361972,8404790,10496183,7787762,7715950,8243557,6304798,6374175,6518040,6546674,6625213,7160710,5397945,4934226,5704338,4725712,5262784,4971094,6331785,7790254,7188023,6609520,7002591,4814222,5091960,6393051,4933470,5291125,5223327,5749883,5121057,5033591,5066582,5053207,4901640,4245758,5228392,3176948,5040886,3448019,4339022,4863709,3841593,3714766,3843076,3547371,3801105,3076384,3697773,2702902,2741722,2930406,2390899,2663399,2564152,2131248,2233012,3464844,2102521,2481418,3101974,2716752,3060418,2222898,2457500,2686150,2318443,2340877,2426486,2566786,2008782,2455108,2050685,1766815,1878779,1487704,1970380,2269883,1843178,2594340,2549078,2368994,2132665,2213130,2141729,2539052,2005940,2956358,2582712,2803233,2518182,2438057,1706113,2834752,2360572,2150069,1727304,1778198,2130584,1713802,2041601,1700103,1693348,1367498,1476752,1211678,1288051,1549607,1227845,932675,867822,981099,1177590,1001873,1055254,1120926,1283329,1168065,1094961,1150698,1091869,1231214,1286283,1649004,1480737,1596792,1544057,1363079,1393281,1676660,1792684,1415141,1587592,1271818,1854538,1600451,1427349,1586255,1562984,1066520,1515324,1300518,1549918,1415091,1531926,1310795,1436889,1273256,1072491,1125114,1052875,1282454,1261537,1206471,1294380,1135329,1212920,1172423,1106629,1090682,1095047,1103022,1112593,1580575,1242746,1044787,1362305,1182837,954772,922487,1086567,1106771,1176656,1220365,1206189,1283954,1247120,1276305,1191250,1506451,1395777,1175157,1116566,1208147,1614169,1319001,1275169,1103620,1319464,1298740,1105231,1206455,1146554,1050352,1323583,984202,1440150,1136057,1247132,1374580,1385882,1170397,1158298,1340103,1162641,1704157,1936734,1778186,2040776,2011918,1342609,1470672,1172251,1118584,1207737,1574964,1203432,1130818,1331633,1043435,1294280,1160069,1147422,1281979,888867,1092434,1205784,1186181,1230237,896370,966846,875354,876073,887437,1009854,1164842,1145124,1480475,953275,1039722,860768,1117036,1002834,1126639,1320658,1208213,1254785,1018022,1082426,1036723,815023,949354,872502,1082119,749160,783345,914885,914822,760890,716606,744026,840962,772680,993763,1244489,1080158,1219495,1247988,1334016,1663670,1273739,1221863,1387045,1411639,1663806,1258395,1630173,1176926,1750640,828427,1464040,1398789,1305102,1234679,1843209,1510945,1596562,1189486,1539887,1277872,1760351,1202414,1747954,1627437,1306342,1578525,1591025,1542800,1345595,1613866,1575782,1613138,1856505,1472201,1539091,2143630,1568076,1644701,1705822,1346619,1920728,1833678,1834472,1755488,1706859,1726678,1258332,1684567,1543118,1737873,2138566,1324326,1642266,1971795,1708567,1189755,1893338,1038068,1332985,1288428,1262965,1434524,1520517,1017438,1234401,1271769,1429790,1018981,1029668,1079574,968589,809659,1033101,923165,848205,706821,604496,750927,632458,678957,632017,609647,553266,766228,640646,526617,626818,580900,512987,647519,493805,433540,684355,540719,555001,589780,552501,573290,595070,606926,448657,572232,563416,499969,426921,585393,575803,604776,559479,602739,620712,395538,335054,518956,381857,443305,515623
    Gas,713168,584039,621579,687859,633509,682872,654746,663065,803262,726687,717037,744606,646277,716331,632314,616404,724400,730348,666650,698151,639442,739066,651853,679660,564607,630906,597455,682510,749196,710926,938553,1152892,1011736,937473,916465,1292954,927470,619491,699347,908263,1008714,796639,625802,637044,610478,478760,555534,594499,605690,408147,351272,423502,340185,358791,347728,346920,280906,233108,251841,364910,597623,471279,411961,405497,539595,511835,513825,571262,607332,572513,588390,635724,572636,496619,576830,675609,668490,719844,669329,694647,603023,586878,636181,529526,521934,451330,528749,525461,497831,428963,406244,426357,503034,445179,415151,452308,424044,439157,516551,432857,367694,317932,390113,359867,325955,282732,315053,227084,200114,247241,301003,377588,319403,341731,417790,458275,518316,439889,414677,405770,393468,352882,528532,538753,646867,748023,759075,696271,756425,750603,649046,769011,657256,704767,731835,624514,686747,686603,667485,738642,722016,686577,749871,683869,686040,628449,612892,666524,748336,663844,680831,705529,524327,610139,629223,651068,574849,595817,600433,576875,549298,540697,545500,518158,518147,516028,528992,538810,438182,446253,425865,398246,382381,378301,390716,390710,378979,432125,419593,416231,353256,415343,414440,386140,362480,369752,381129,373328,324082,277213,243097,219977,204500,204490,188843,255305,422026,526830,597975,551061,502113,499799,425833,415509,352949,421577,418873,437105,399579,377492,393240,382252,346059,344394,289492,344264,232307,253715,250131,222341,255331,285766,322818,320011,316506,334563,318358,334010,287348,282120,248100,2778,65,198,186,443,324,128,1216,217,1660,607,100,827,190,77,1932,120,1276,1440,1517,1174,603,100,180,2447,2098,2166,2173,214,1501,1603,2412,3250,2479,1112,1472,3753,1584,6960,2700,333,385,1550,141,331,152,85,277,242,159,77,47,85,474,662,275,398,360,437,162,279,107,83,208,120,257,153,156,146,187,93,107,176,160,150,1205,145,1331,381,74,258,269,196,109,95,121,179,91,324,156,146,146,347,253,289,228,258,87,402,118,288,571,211,1463,1766,547,570,115,368,134,122,92,813,335,148,3622,45,21,139,144,129,524,705,139,154,181,43,148,522,77,40,42,121,44,78,86,101,64,494,38,339,58,146,272,46,901,36,149,30,133,110,37,820,56,22,16,108,33,1221,3596,598,1665,875,885,986,33,51,55,506,36,360,23,26,20,44,13,1715,82,45,105,10,54,45,2536,386,43,121,50,38,56,36,37,18,646,313,272,1477,360,6,382,86,50,394,48,45,143,37,11,30,39,35,511,593,206,68,29,74,33,36,887,41,46,16,14,924,486,16,36,12,341,60,9,15,72,18,8,31,14,15,24,19,23,412,298,478,52,35,24,226,59,17,30,1368,342,23,24,69,16,20,27,14,210,517,1846,20,26,38,15,50,26,31,1304,25,23,29,210,39,23,21,11,24,8,11,29,16,4,27,5,19,12,29,54,7,16,0,3,22,1149,6,6,3,9,6,539,2005,29,4,6,4,20,130,1,3,48,1,16,2,4,22,4,20,3,11,1,3,25,17,19,2,18,4,0,6,4,1,0,11,0,4,2,3,15,0,10,0,0,13,4,3,0,0,0,14,0,1,7,3,4,13,1
    Fixed Vegetable Fats & Oils Crude Refined Or Fractionated,49579,40776,57830,52837,73872,50132,36638,36834,51711,38430,44609,41856,39020,36628,47092,38856,37787,48055,46155,49101,56364,39235,45827,47982,54523,48713,53625,51486,72122,48095,68628,61878,91756,70636,59532,89854,72450,73881,71404,68165,53036,68185,53534,47500,52118,45740,37149,51872,55105,45676,60207,59795,57408,46525,42477,58448,44232,42120,41926,44186,41120,29311,40788,46625,41765,46349,45445,42177,51616,42326,45221,49722,51603,37465,43720,28952,35275,42561,41005,43793,38274,44607,41247,53495,56541,31896,63057,39778,53293,49574,46476,53942,52012,41759,41057,40123,53318,45893,35632,69289,62904,60385,60701,33682,48160,44258,38815,37016,45983,34266,51377,57023,56260,42569,47527,44040,42933,39431,40250,75806,43839,61680,74135,58473,59227,44719,48102,95355,61934,78295,86025,75624,68783,70376,77010,87749,70800,61244,101058,44167,86905,69133,83212,80131,59806,64404,68788,69734,101379,108286,107261,106366,123054,131985,128365,74156,154207,152847,159181,132877,68252,138379,136167,127893,72852,107304,88970,92683,90077,91506,95936,113995,93287,69631,50203,53432,85949,55090,54422,41882,53841,41895,46154,52524,50966,51599,50873,49859,58805,54527,48436,47464,49199,40552,36277,51774,56703,61950,68557,77051,79845,75382,73433,72667,71523,54264,73156,55306,28054,24792,19818,27962,27417,21942,21818,25636,19265,13569,17798,15858,17510,16661,17078,18313,20404,15831,17082,17876,19133,19637,17916,20623,19663,29666,32020,27770,20257,22741,24131,19736,24588,14217,23414,20189,22682,42293,40702,39608,39556,36917,38513,41608,45279,34634,38189,38023,26745,31478,39107,33769,33261,32409,34829,34043,37665,32610,34211,28865,29541,36815,29153,31342,28726,25960,28569,27788,29467,26354,32341,24031,22743,28734,25844,22320,19471,18261,25113,22382,24457,24063,21899,23964,27263,21737,24858,25200,29741,29695,26605,26798,36092,24715,28371,35967,34703,31483,37144,33052,43395,40757,36005,36878,49181,30033,31951,50594,38150,38977,42199,39889,34747,43425,30748,29588,31954,32058,39693,44477,34110,42200,31814,44896,43441,37959,40223,33782,33504,23243,38450,33937,33304,39543,31418,35115,42010,30977,28655,31034,37630,28397,46421,22242,21702,24980,22137,24358,36252,32341,28328,28486,26566,18657,28004,45333,17065,39982,27296,26881,15060,27841,14663,25579,40116,21207,21188,24858,19167,25053,27466,32225,21125,26287,39737,35918,24419,25997,27991,33997,31080,31565,13971,27740,34050,40674,30437,29508,46061,22152,25965,33923,29204,18379,30519,25425,39082,38681,42039,42620,54528,47813,64594,54041,48509,37495,19836,28489,26032,36899,31837,26206,30260,29540,33997,25498,22355,30814,41565,37881,31984,30000,34181,53284,50315,43796,29905,48518,29454,37814,21569,27851,39661,21501,26447,38206,19881,17694,22804,27587,22796,25731,16324,23557,19134,15852,36299,55985,17441,21334,17008,13996,13510,23697,9458,14648,9897,14334,11214,14655,10649,17326,13544,9157,17900,12872,35059,30647,14260,38139,30933,22221,31548,13078,38116,24090,14123,37861,36957,58707,18366,32766,49108,48635,72229,32994,15070,11145,12071,29918,16602,15995,23022,15803,19427,19859,15255,10315,12582,9934,7997,9477,6525,9459,8351,11225,9216,6513,14600,9533,11388,9368,7073,11054,15967,21154,37079,25374,36539,15897,24439,9579,13394,10304,14911,9589,14026,8442,10015,24500,21616,17239,27607,36988,44393,31418,29022,32927,34951,61514,45608,30694,39226,31672,33563,22794,20563,16999,25861,17291,14398,17170,20137,17861,9550,12219,13292,10231,14994,17616,17689,21404,22738,28255,33840,30943,25076,22783,20953,16627,14729,19402,12487,15552,17150,16867,13541,17217,15926,12918,17882,12622,15009
    Animal Or Vegetable Fats & Oils Processed Waxes Of Animal Or Vegetable Origin Inedible Mixtures Or Preparations Of Animal Or Vegetable Fats Or Oils Nes,163230,144282,249989,65836,26989,67718,103986,105473,130378,185137,188843,181200,188585,217717,213410,205810,150868,171186,72624,69870,142927,193581,204358,240857,196490,205143,185975,107986,190229,189531,248372,141279,56685,211477,180129,186703,144041,158300,199544,174332,197299,168336,140568,121032,27894,190456,57429,123008,118581,68902,118047,80368,94771,110958,95012,69154,62379,41867,62599,65044,59691,60796,49258,73960,38206,59245,52770,47954,56812,25833,52404,34346,20309,29435,62660,11262,18147,11856,11797,27432,36243,11342,20639,13828,24601,8302,14815,11947,20096,21805,11611,19710,23064,17376,15580,18589,12885,19602,21857,9918,20839,11163,9281,15953,14064,18952,32148,8237,12126,7025,10058,4553,3994,6437,4523,3715,4951,18555,16763,3886,3407,3015,5082,5694,3800,4586,6788,4373,4510,7872,6548,6048,7468,5696,3628,4160,3396,3814,3383,3210,3898,3366,3771,4484,3532,2914,3503,3276,3987,3857,4377,4754,4547,4849,4742,4188,3298,3062,2982,5533,2351,2991,2676,3711,3172,2966,3230,4614,3984,2918,3135,2887,3103,3190,2770,3039,2770,3745,4729,3996,23334,3841,11369,5075,19769,12845,9162,2815,7245,10863,5522,12018,5320,7084,5465,4109,4843,13516,22063,25407,24199,14576,14287,17217,6242,13750,25484,12301,42946,36816,33549,31641,31219,30324,29267,27187,34621,23951,27897,25630,26821,23430,24532,23297,19874,19887,19458,16074,17327,16334,14466,16678,11752,8086,1253,4937,12096,13300,10117,14812,18048,13719,16527,18750,13900,1747,524,725,633,1185,693,968,821,455,1023,660,695,746,870,1416,693,734,675,563,601,660,400,538,399,464,480,764,942,908,962,1397,654,755,297,876,846,1186,387,559,661,508,582,654,774,418,412,470,776,932,580,864,609,787,695,578,517,312,432,463,412,426,540,816,551,944,459,1218,721,528,380,6373,5351,4900,8374,4510,5419,7111,8925,4424,5950,3673,3260,5041,4853,6232,5728,5509,5253,5154,5727,4712,5110,4880,5008,4638,4527,5192,7535,6625,5817,8882,9893,11099,10169,10133,11844,32043,34385,31038,36238,36702,32225,33230,43715,41069,43196,33681,38594,38398,34608,31112,30075,26221,25144,19673,21749,25353,16302,13910,31976,35768,23204,36469,41365,30440,26578,43433,69476,51352,35000,52774,53690,61194,59140,57619,38394,27376,32645,39158,37556,43152,47416,32572,25486,32448,38437,28180,32091,35491,41187,33914,22165,24560,31732,18263,29142,29922,20476,17576,14602,12080,12257,11437,18516,29541,42493,60592,71171,28463,36539,43448,58922,45897,32007,36379,30120,35923,50031,48256,39797,79675,46373,63687,41547,34715,34324,44658,61704,64758,41260,34724,39313,39014,49025,32195,44163,61082,45982,40556,33810,39040,37699,24854,43715,37503,43932,41930,38441,33570,32553,51442,50131,54680,53938,59734,52459,53166,58381,82423,95691,87600,112930,97217,93371,92943,111631,114826,78811,81646,100072,106486,106490,116687,114724,110188,94817,56730,42940,25964,30757,74569,49641,37200,35312,24330,29254,31043,26024,27320,28571,26200,27012,31840,31730,31508,31085,27688,31942,23397,71432,63728,89566,59705,53143,45730,47684,39653,42966,43762,30116,36762,29114,35661,44401,32383,45774,43606,46763,63334,60307,59776,81358,65237,66161,77355,71521,53742,61358,43436,35797,34301,32264,47084,27335,32795,31050,28878,29539,27047,31980,30992,32558,28951,31788,26121,24230,19095,18906,18436,19849,20037,22353,19661,18239,16640,19157,22838,23179,16955,13761,12177,12675,8085,9450,6669,7029,7298,5813,5989,4133,4864,3488,3688,5131,2764,2951
    Organic Chemicals,800934,690206,891487,718207,639293,681428,779524,883911,1091612,1283007,1130906,996895,865169,836685,995866,786110,1191781,2635750,1445592,1441094,1183401,787638,1104908,1157296,1350155,915257,1265451,1121227,1112395,1258658,1235654,1640197,1507630,1497049,1511358,1317988,1264144,959826,1169856,1173230,1055714,934977,1143920,953586,1142580,1420595,966818,1008448,1121216,926619,881979,900342,893059,701464,550693,964273,666864,872940,766521,949949,966749,804285,984205,825346,758339,724559,823090,827066,926865,823746,1132984,876018,804196,742006,873010,952488,883079,922281,888435,901824,745403,847075,772970,753397,869933,666026,678330,784989,817174,683509,626614,817152,746693,793161,717303,768053,967632,781579,629769,687135,604989,613843,613522,794500,659217,692393,682927,713458,674803,572284,757264,690472,614818,651924,738293,671082,725123,808856,671107,781977,747778,557703,672746,859759,638183,662954,918637,726315,828968,751015,807136,922647,889955,781833,805656,724581,665904,835462,740822,882910,1003974,733957,744048,798993,858194,631301,741345,841105,785893,728022,642403,757177,741935,731221,830223,796003,694137,630682,613122,638803,626039,596339,676941,776551,734732,737798,779397,767886,850391,571209,767391,718502,546480,560249,612740,725827,599990,602277,615664,689533,690715,565192,676609,620849,503421,628915,496866,544478,493639,457131,358799,560588,394560,349345,252043,332556,377743,703526,735046,653809,618644,555800,483984,659648,579345,652242,618248,627405,725992,619141,472373,483430,568769,656222,550491,578834,522649,555711,524016,785351,706167,564142,642849,564930,580959,430008,465624,538459,551945,448834,437207,464124,497733,960702,462017,523364,414462,381382,472786,596459,547122,507700,531514,480728,520692,588350,483690,505683,486730,379200,488667,441523,405177,427817,323427,345263,318421,392786,369361,320448,352537,341830,321445,355228,288114,294506,270105,358258,249064,249185,221680,246878,241146,213217,258560,219454,221885,182197,207913,169635,179775,300990,176821,236056,232417,247142,281780,258452,258205,225173,288707,191695,278577,260756,228620,217874,260962,204793,227704,231702,222635,150490,174151,259643,225253,207670,185144,195609,238192,170330,147807,209248,183447,165386,145862,209058,170213,165971,189811,188165,186535,194507,180828,171258,197084,183492,205017,187765,204456,203748,233061,214031,217976,178695,194870,235422,217081,165373,230256,153308,186827,203362,198095,182688,174323,186374,186584,197397,162185,168060,181577,145596,217942,168777,179926,236540,219277,201035,232101,212694,204635,160969,190682,178960,167025,185695,170563,147420,147246,151788,147460,152542,141339,133452,113290,136849,129814,138675,122413,142181,154459,126633,137215,129404,136098,127087,107819,148298,117297,126743,117017,104566,132420,134160,129022,139597,117832,95408,121220,123704,112949,134442,107901,117539,128674,105125,120881,152496,108088,132989,126485,121341,118673,103886,112373,118950,122577,113260,129466,104772,112775,101707,94278,101650,81923,106933,92654,113006,110837,116853,91166,125053,79766,82282,72835,99837,86333,115583,88416,121128,112485,114622,96101,88919,98133,81192,69919,75949,81800,86066,75980,69561,69744,63968,74186,53319,58943,45186,64243,49083,53209,61217,54128,62414,69730,53071,45289,61926,43754,62803,48973,52805,40968,32815,49783,58951,52762,49398,55729,59948,47245,54264,41230,41632,53340,53051,57075,55479,57424,39651,53149,53618,44290,65487,62237,45755,45954,41335,72107,57236,37607,69129,50803,41130,50415,42062,50315,32605,37476,61872,33370,52633,47654,41010,45947,66427,47763,22747,34618,24867,43384,56172,48477,54700,44596,36776,65097,36190,34772,35133,46730,49990,27886,49888,35351,37764,37878,56380,44894,43235,29105,25077,26275,42587,34393,34736,36329,36375,36053,34707,32628,21958,33373,21617,25189,16842,23907,26776,20000,20396,19756,26731,19562,20953,17565,12625,16797,21016,14944,11641,17342,20924,24349,20921,14218,20874,18990,11776,18104,24122,15069,21037,19046,19000,23518,16999,11652,19269,18453,17042,13380
    Medicinal & Pharmaceutical Products,680319,683839,757348,881500,1007408,689805,1007979,775631,678488,690238,707469,536014,780211,498285,517529,451291,566827,566580,464719,488563,590053,560169,572609,545594,712674,682626,661205,595619,703774,640158,619511,620683,655238,801682,599895,629192,790224,679354,596411,551325,543741,573712,483935,490761,617234,652963,533518,509898,621883,458168,409319,454150,464409,391180,380009,384108,476347,467681,506459,511051,511664,515891,495793,390427,392011,428508,383291,419521,466281,449133,430249,439387,401452,335658,424452,412624,392684,447674,411286,394660,454604,303412,400180,326698,394622,321179,367679,323475,396274,374586,362698,326837,298678,299656,392745,393229,363620,275650,314453,314106,411266,337663,283354,294877,306613,269356,350106,302444,356357,268467,289895,274391,272515,347683,282931,268572,318290,335713,287157,334865,426879,274549,245652,302374,244492,290249,273722,334969,263271,248751,291178,276084,318329,290846,218430,187868,208958,308669,232909,258956,265909,304263,273800,316828,279067,290621,335829,180771,237654,276442,250521,311154,296937,303233,284852,310195,291491,272513,247601,300151,264121,344491,318420,280813,296967,273118,323699,261958,369240,255641,236966,243572,231436,230554,275924,288245,272502,229693,317944,305466,322182,277152,259173,320809,296659,234450,273174,291528,267670,275891,192777,242878,233881,199318,160839,195720,213930,208599,225054,211165,295626,230937,221877,240465,191901,227414,251156,197721,223993,279180,195426,219965,295203,190170,191910,223870,229022,217961,181452,232916,221886,238882,196722,235430,227942,230282,216550,206404,186022,187375,224603,236455,242365,228113,240914,455227,232031,176533,168571,193827,180048,146040,158788,172832,132388,143974,120367,145413,117926,124928,138013,119368,140156,124566,100581,128671,119442,103222,99871,122744,108391,104718,118734,136709,177377,121237,118413,109560,114147,140322,114819,122912,123573,118997,132274,114132,134533,119828,128965,94749,116018,127249,100027,127203,133898,119006,139538,121777,117821,95580,107428,100727,94582,114733,109878,115046,109227,101439,116332,102288,107695,102843,95473,122070,111069,119781,107369,111936,114108,99664,93831,126521,120571,83638,87263,87776,74698,87281,84559,76735,81347,79485,62860,82424,86553,92348,93468,71891,83562,91208,95233,95997,138041,87779,92830,79354,80340,74040,81922,89612,75357,84969,74600,78028,83706,65378,88166,92879,74386,89594,67372,65116,61797,85558,81517,89382,92025,79711,92590,66607,79387,79258,64256,68554,70149,78744,56536,70570,63776,74880,71008,69619,63446,56438,55098,54691,50839,55014,55678,74279,64976,48667,74264,54001,84103,47000,38079,44368,35912,40480,39048,30279,42235,33900,37066,36075,37644,32014,32277,34865,31348,31130,31580,30904,36457,28933,29031,32661,35851,25771,30165,28279,29128,31429,28349,31515,30134,28955,30604,29887,35061,30255,27274,31636,30124,32559,33542,38732,36245,35309,32329,31754,33357,22041,26382,32743,28902,32657,32194,32908,33290,34683,25985,29068,26871,28760,29116,30568,31890,25370,29091,25314,25705,25843,26790,24595,24653,20523,23897,28540,18674,25316,31099,24441,24805,20702,25949,24946,22775,17781,19614,22937,20906,18826,22172,21785,17567,18336,22617,19427,15408,21031,18026,14164,20980,16230,18383,16566,21843,19424,20231,17250,20762,14775,21566,18761,16058,17447,15207,21902,16240,15570,18846,18183,20440,13543,14792,17586,19094,18636,17330,19569,17693,14803,19041,16766,21221,15487,13446,15083,20124,17140,15317,19240,18454,14383,20730,17923,18067,11600,15569,16793,16987,18484,18033,23034,17911,16190,16437,15321,19127,14052,14441,16923,12512,11872,17387,16748,16359,19711,12579,13227,14608,8052,13262,15631,11540,11983,12120,15050,14261,11281,14566,14723,15579,12064,12564,16006,8633,15074,14412,14433,14731,12771,13351,14083,11610,12930,12889,11057,13047,11835,13850,8008,9803,8334,8049,8306,9621,7004,10258
    Essential Oils & Resinoids & Perfume Materials; Toilet Polishing & Cleansing Preparations,619519,521689,521537,553492,533819,599621,561322,634744,714674,637020,673775,671863,644165,482684,568029,458474,601693,569863,507023,602324,665011,695213,724801,590987,716326,626946,596786,582494,690903,672754,695061,563045,644831,628463,618073,632171,636275,553700,583799,668644,583071,558435,630771,564416,599753,628285,631022,658404,661486,493580,539414,633018,554813,624465,603735,517146,519171,491137,453195,620040,634400,495769,556952,655562,649725,640313,647006,606716,668841,582454,643180,607777,588704,484178,544167,574413,574616,597213,550231,605244,605013,590291,565490,563650,547373,464986,514627,492193,555086,480567,443829,536892,482260,496416,484720,453581,483122,419334,387414,450399,452552,418539,385250,458624,390823,373024,403915,379707,412933,353838,332934,406538,352109,358316,375102,351337,358028,353332,320846,358962,371737,334071,317626,385303,305842,336750,333928,335095,335495,336384,328012,360957,362041,299802,296711,313606,294067,327401,324844,339417,347980,308434,331779,353817,342649,273802,300437,293729,281713,299491,276291,299472,307338,303091,295845,305892,317150,270271,252372,319973,307235,300586,272024,305378,284451,290987,301667,305156,313045,222852,255405,289351,265504,251972,258654,280522,268915,279509,258558,260641,284845,242565,214080,257981,242647,240063,240056,251391,239573,220256,201818,210170,211543,188129,164086,233208,234197,234833,238558,244926,273485,238346,232341,268845,238647,232618,231879,252221,247908,220813,216442,249042,236171,245841,216578,224160,232395,184758,203318,227173,204661,198081,195165,202825,208220,212404,208267,209968,223261,181457,169816,206740,192164,187556,191321,187959,191567,202881,187716,209717,201054,162942,167092,193078,181805,175211,194027,176526,178259,167693,184259,173567,171365,142120,137533,162542,138193,166757,136174,144215,147975,134121,148333,165235,154911,122769,136620,120404,132358,133866,120169,122860,131998,123584,134433,131195,122491,102124,108597,111779,110684,125900,101701,125785,123234,129626,136106,129466,121396,112929,109556,114627,122680,122934,113594,128059,120010,123123,119747,108332,115227,96222,91486,106934,114796,115025,102109,110084,110802,117239,108130,105387,98056,81801,77631,88149,84342,88992,87322,84195,95730,93320,86519,84141,88699,97276,79386,106983,92999,101870,105386,104207,110213,95576,102691,103251,93714,73805,82670,95066,91406,97369,96169,107594,110603,94092,92561,92933,94641,83307,93384,92907,109896,114305,99115,97517,94547,89913,86831,73686,89462,78653,77804,96221,87192,88793,80931,84897,80152,84175,84031,79255,82920,59381,73609,76920,74690,72805,77437,73879,72474,71634,79736,74574,76102,69905,66377,80947,68039,69725,71926,74535,77587,65738,54872,67664,64782,53582,59089,54937,59623,55427,58581,70090,70271,54496,53816,50046,52945,46830,48157,46672,50980,49119,47768,53040,52652,52175,55271,48453,61871,51827,48759,46825,52323,55465,46347,54261,50683,65322,63015,51115,52937,47885,38052,44000,56504,49571,55332,56126,45570,52473,54008,50056,40860,43913,48346,37469,49576,44496,46604,41164,42336,35333,39733,33696,27299,28732,39784,33752,29957,38348,34511,33937,37611,30416,31933,32944,23101,26434,27644,27377,31666,29092,25532,33362,28264,29543,23997,28088,22509,23469,28320,26934,27110,26889,21810,28625,24839,26449,30282,25588,23954,19786,27897,25758,25742,24825,23344,24868,31178,26231,28846,22435,23562,18562,21682,22951,22911,22952,21734,20945,22927,22838,22256,21088,21148,14127,18511,18213,20042,23499,19844,20814,23424,26424,19105,18917,22654,17157,21221,18415,19785,24844,21537,20167,20431,18132,16776,17300,19951,13145,17171,15958,16805,13866,16132,17387,15032,20392,16357,14121,12955,11843,12255,13144,16790,12491,14390,17937,15907,14410,13915,14524,13175,10797,13197,13485,9405,13098,12901,14353,13124,11536,12396,11619,10264,8216,10303,9644,9474,8765,10300,11086,7292,9203,7841,8385,10068,9150,10791
    Plastics In Primary Forms,381940,358443,366531,468624,386342,444009,449773,444988,418685,432970,420846,381837,400582,367309,402810,353362,431163,483650,417465,450691,480414,431522,491058,412156,434231,376366,369364,484065,489904,532396,629820,634351,561287,591129,631322,578485,530825,594500,610463,639809,553699,593421,555316,553825,578322,570849,456339,458694,563500,457344,459629,518278,423140,502847,479338,463599,531511,473901,437063,591321,546075,441220,525664,653626,659684,532004,578086,558658,627237,675131,505530,668815,504193,589485,794101,691479,643668,691869,587321,693132,693166,631083,665016,540563,600745,449777,625541,582253,550988,500385,565453,547956,604823,532052,563405,548208,589992,401858,502674,481218,525403,536872,405490,554403,485157,458699,412642,424414,456354,399783,399139,470055,440962,423802,492096,515304,485730,393739,460183,480358,453531,388939,551308,450493,474645,518894,486366,506660,544661,486733,481922,614344,537805,470677,561336,563429,399498,517502,511942,533513,553037,432436,478839,473310,413973,376746,454776,531943,505736,546227,490268,550074,613682,566067,608430,629721,570798,604351,648446,717089,645955,642507,527835,504739,451527,424680,478002,585879,635929,424363,421081,415242,449207,659559,379319,382973,461103,489937,419766,464416,494204,385957,274131,331997,300141,347674,286627,259437,258826,253855,210169,229374,186058,174578,154964,204049,227609,354356,324079,303194,298127,250921,263942,280526,260277,240919,249288,318091,234580,256631,230184,253869,273366,254481,263123,250068,267193,203499,285461,232721,223338,254681,247548,264707,268037,258725,237570,267221,244731,219553,218030,243076,251708,252360,204258,216041,204693,234592,216352,226418,252862,183557,210897,210241,225786,225455,236097,239561,259813,229424,199557,216174,223307,198350,180686,206617,173919,194851,174213,169132,204806,173875,177298,182902,177279,166116,168862,159502,147287,163900,172422,179259,178626,189743,186276,169402,159837,144596,151621,144241,156195,163796,134593,152441,156670,146869,157052,156869,198246,164417,184240,206227,221722,229424,222185,236262,208066,213696,208395,201460,207446,183372,173826,197062,180102,179150,180035,172494,169843,171372,172215,172993,157376,129561,118192,145970,127646,139837,140626,125397,150917,149618,130418,142423,147928,151625,127048,196060,145363,177178,172066,158228,177493,225358,159710,157192,154061,135633,151759,160259,146310,165756,144651,137645,144579,131982,165279,157225,146814,147293,147090,151331,162943,154967,179840,192188,188348,177931,175738,173643,157227,127605,135466,148580,173318,159924,159933,167587,147344,146951,142902,151210,123010,113857,120846,132480,130909,123607,145130,150108,139019,138193,125986,126854,121952,119333,103894,120866,106171,113535,110949,103331,114202,114187,122860,114444,125557,96732,111268,121723,113452,114634,123168,129780,135468,115660,149342,117815,129611,126495,116315,129403,144051,133238,113181,115697,121212,113621,128214,114966,121554,130329,119852,109509,123336,112840,131853,138922,109023,132195,135540,119130,116283,109734,85462,na,na,na,na,na,na,na,na,na,na,na,na,na,na,na,na,na,na,na,na,na,na,na,na,na,na,na,na,na,na,na,na,na,na,na,na,na,na,na,na,na,na,na,na,na,na,na,na,na,na,na,na,na,na,na,na,na,na,na,na,na,na,na,na,na,na,na,na,na,na,na,na,na,na,na,na,na,na,na,na,na,na,na,na,na,na,na,na,na,na,na,na,na,na,na,na,na,na,na,na,na,na,na,na,na,na,na,na,na,na,na,na,na,na,na,na,na,na,na,na,na,na,na,na,na,na,na,na,na,na,na,na,na,na,na,na,na,na,na,na,na,na,na,na,na,na,na,na,na,na,na,na,na,na,na,na
    Plastics In Non-Primary Forms,151647,137287,142158,144825,138617,139616,139948,149785,160422,131638,142394,147512,139325,112954,136841,133792,146416,128744,140431,136285,128949,121077,146130,129600,151541,115274,156634,147601,160344,148007,167973,179765,188636,184664,165941,177854,182444,137473,166874,179705,159217,160799,167691,160199,165697,164181,168769,178696,174978,136526,138445,155546,130026,132462,121384,115471,122365,119265,123932,136750,143265,126559,129565,140121,144073,145577,135152,135473,146368,130291,148833,131312,146588,111339,147462,139126,151831,152345,136978,138384,154879,146468,158191,148790,155553,122870,144978,146413,144224,143564,141326,150348,147590,148010,139757,135295,147047,115005,124973,150071,133087,130538,121644,131498,123277,132385,131558,130092,142314,109468,120120,139232,128761,132901,126424,122833,132949,136350,123807,141015,134533,108293,127535,133521,115292,135191,121524,120239,138241,130623,129466,146803,126098,102539,116354,127736,112812,156652,125410,130622,153025,123582,135807,147635,119007,94410,114336,108295,115227,112331,111671,123446,147525,123841,135182,124009,126389,109125,98168,116767,109958,120492,120000,126693,117248,128413,133063,130982,129671,92926,105575,116130,106615,111505,116804,121791,129843,125542,110798,114983,115598,85531,96828,99539,94149,102415,102327,98136,95879,85141,73521,69192,64610,54154,53105,78162,92434,113852,107887,106098,112977,106560,107319,111211,102744,92591,109891,115277,110550,113187,105286,102145,110659,94181,99864,99538,105753,80374,86423,95797,95575,97130,95807,98898,100487,94427,92900,93710,97916,81176,78071,96694,96934,100043,91327,94345,86071,88510,85606,88641,89189,64169,74116,91723,90339,91110,96481,87666,86006,90767,82767,84525,88539,79909,70296,82239,85629,84612,78111,74824,80431,68128,70376,76476,68246,59853,69950,63529,71145,69409,69105,71339,76012,67260,67817,72206,64170,49543,62038,60424,60558,63233,56440,59017,59896,67196,65113,66373,69256,63068,61694,74746,82559,79532,78444,76149,82818,77449,76874,72305,74527,62425,60001,73030,62760,66462,62232,69015,67909,64649,60830,62628,61404,49967,44543,57653,50145,53856,53871,57463,60501,59106,56211,60923,61953,61946,57280,75346,63443,68735,64416,63710,70105,62319,66685,61338,59492,52645,61029,59678,61334,62822,57841,59194,61486,60053,58423,54939,52291,50709,56798,59832,61071,60143,58739,66360,63567,67311,61327,56735,59802,53000,51762,66872,63430,62504,64817,63240,73141,57159,54560,53687,54628,43483,47029,52446,46548,47059,49539,48778,51624,48883,48866,49288,50865,45408,39939,51725,47357,48968,44013,49793,54978,50176,45930,50657,49341,40955,43165,50146,52162,57962,48920,60638,60824,55380,59681,48836,48053,39921,47225,46867,51093,57632,50347,54467,53819,55654,50319,41727,47123,44898,47150,51100,54196,47004,51222,54650,48749,56876,53802,43034,44400,38023,36113,na,na,na,na,na,na,na,na,na,na,na,na,na,na,na,na,na,na,na,na,na,na,na,na,na,na,na,na,na,na,na,na,na,na,na,na,na,na,na,na,na,na,na,na,na,na,na,na,na,na,na,na,na,na,na,na,na,na,na,na,na,na,na,na,na,na,na,na,na,na,na,na,na,na,na,na,na,na,na,na,na,na,na,na,na,na,na,na,na,na,na,na,na,na,na,na,na,na,na,na,na,na,na,na,na,na,na,na,na,na,na,na,na,na,na,na,na,na,na,na,na,na,na,na,na,na,na,na,na,na,na,na,na,na,na,na,na,na,na,na,na,na,na,na,na,na,na,na,na,na,na,na,na,na,na,na
    Rubber Manufactures Nes,93688,93020,77279,88340,94474,96856,93603,108644,113242,98906,98441,95129,93142,84869,86921,84574,99485,95350,88275,100400,93503,101790,106484,95496,107650,80952,81023,104266,98537,88657,102273,110176,117668,112095,94212,98957,91503,76415,97543,105101,94540,93537,86137,98925,96617,97213,102673,95385,102298,73049,80324,86947,74600,85494,67274,70421,73384,68090,69806,88304,100347,78920,88742,105050,91169,94456,88287,94668,96745,90379,95382,89707,95735,80307,92492,99334,86254,96581,79706,92190,90758,90873,107386,99565,107604,85148,81597,94981,96475,78625,85876,92868,93928,97851,102434,89382,108644,88014,81127,93203,96475,91786,79789,88485,77470,89090,85010,83758,87958,72804,79016,93634,87245,89598,87592,99352,97692,100030,88206,104534,100376,80116,92326,98138,95622,103331,98708,102755,111349,97288,102069,114325,111638,91716,99464,101060,93776,112013,103956,107893,116923,108570,116306,109577,106606,85209,99577,108044,119452,110640,108535,145708,121958,123746,120279,120830,163405,117111,114755,150788,126069,129265,123844,127174,126287,125900,123992,122204,128941,90114,112514,117666,107169,114751,113542,113306,114946,116195,113452,95721,111894,83453,95262,106921,94057,102375,96016,87853,100157,85256,74527,89953,84129,65510,59150,100957,96390,110333,114101,111292,115860,102942,104796,108013,101221,88855,102619,107210,106668,119729,107191,110244,109889,102809,101234,100570,108383,81039,94531,108086,106132,117294,116061,111693,131889,108567,95662,106863,113773,98959,95088,106070,100321,96736,86802,89546,88406,83921,84630,85074,83753,73012,69487,92552,83782,80395,82195,77757,84677,87406,77028,82511,91351,71822,61102,80572,73720,77764,78100,74262,82933,73678,69929,80425,69151,60296,65131,62826,60505,73478,64075,73160,66686,67097,63123,72169,59299,48547,48075,57992,65295,71285,63491,71872,67822,62198,58182,61116,64327,50019,50667,61957,70566,66559,67467,71995,71043,66615,68855,67636,72208,58082,54845,67389,64593,71760,60657,60049,68879,63999,76068,64429,66998,49900,46020,53162,49321,49464,58697,59822,60281,56106,47686,52726,57837,51290,48092,73148,65978,67198,65688,67334,78268,75115,72039,72466,67263,62052,57888,80454,64770,74924,68603,71375,77331,75262,67926,72816,67751,55606,59848,72673,80552,72498,72654,76392,71191,66346,63809,64493,66420,48994,53651,63515,57540,54742,54600,54112,60109,54780,51126,68936,64109,50047,51643,62269,59468,55237,59737,62569,59407,55787,57580,59849,55319,58436,45979,62513,51500,54947,52096,47377,57341,56919,49505,51265,54824,40361,47201,48477,47590,48721,45703,46081,52917,48627,51413,44990,44827,35509,43998,49018,52939,44642,39135,43762,38644,47307,40562,33004,46849,38107,45220,40397,50808,41837,39643,47086,41081,41890,39322,442315,42347,34110,30840,42106,41524,38355,35562,41942,35840,37230,37188,32421,35520,26083,36111,31724,29447,27939,31085,27748,29489,28494,28011,25564,20694,27216,29674,25200,26066,24411,23243,22456,21064,19101,20896,26461,16923,21196,16938,19520,19753,19084,20840,19139,16080,19715,19370,21413,19139,16837,25302,21505,23087,24369,20576,21755,24536,21670,25058,23890,26405,18508,24433,19165,20954,18114,20534,19801,18490,20957,22099,40786,24296,15847,24720,23649,24632,21804,19100,23396,23772,22564,22159,19935,25107,17523,22165,21312,20859,20577,22819,19600,20457,21476,20587,22388,19335,16211,25927,23378,25615,23299,19648,19204,23170,16728,17470,18391,13523,12505,15584,13011,16890,11893,12664,13922,12246,12626,9509,10924,11165,10279,9608,9839,8555,7687,9978,9115,8543,9704,8501,7693,10208,6448,8405,9291,6942,8319,7618,7676,6922,7191,6287,8540,8330,5332,7475,7579,7926,6992,6313,6221,7047,9305,5791,5094,6583,5302,7560
"    Paper, Paperboard & Articles Of Paper Pulp Of Paper Or Of Paperboard",164586,152811,165224,152111,198850,184774,176204,179652,171894,157544,152767,151115,171029,127652,171075,147008,144068,125151,121107,140726,164033,140379,141490,271067,204931,148575,126657,149258,153998,162983,180680,189887,199714,220906,192132,205405,196699,146014,192210,191741,186545,198825,165506,183117,189012,181189,179962,179495,191876,155251,174442,177799,149629,160065,154042,165803,162728,176654,187059,202409,189629,171658,181782,172920,192679,187394,172133,185293,203640,176564,196899,172282,198713,143592,195938,189723,193842,205584,173181,198846,187636,163839,202308,192054,177379,178812,199325,173195,236068,221819,212454,242312,209092,177602,202267,162097,182420,156250,155997,179953,181040,181204,157137,188507,163175,165731,181317,163114,187370,150139,170728,181445,172636,176269,176594,170453,172977,170991,162665,181755,176904,144987,179454,187822,172289,184110,185186,182486,181774,173476,177267,177700,184498,151287,173163,171988,164754,190691,166806,176369,207745,176107,186784,193294,190070,149493,195309,165088,172097,189647,191156,209532,197677,199595,213310,168013,205901,190758,176115,194517,194492,190130,198603,200285,217079,192867,207364,189600,207422,152638,158688,159162,137037,136623,136988,162909,168922,162658,153079,143280,157608,117655,137865,140761,135443,146811,146337,141726,142985,130090,114281,120165,119763,101778,134137,139187,146823,165218,163706,167176,177551,162820,155795,163950,138950,132152,157596,142691,156162,148771,139049,155145,152538,142418,142008,138741,144977,109715,136370,135080,143690,137714,156657,144369,142408,153715,137048,140686,145713,130035,121619,135082,131526,137011,130886,133153,131815,149008,143329,138573,144699,106851,126493,133597,121011,128094,123024,131089,141246,139841,138814,129582,137067,112489,110933,129791,110513,130434,124184,124201,126246,135378,131309,133989,123299,100189,122330,99570,101442,114211,98512,117043,120246,108780,114561,108538,104652,83884,107045,96207,90886,92783,83962,99164,106751,106493,110109,104838,114719,108521,110287,111023,123958,120710,114487,129281,130863,129282,129518,102761,121450,86409,90821,110475,101264,111306,107860,103351,115468,109619,100178,100753,105324,70596,84829,92974,92112,90522,97750,104380,111849,105917,94663,95179,98792,95260,91945,114585,105654,123465,123265,128137,129481,114746,114144,112389,111998,87837,110168,117023,119570,120853,124638,124348,132748,120000,130965,117989,118625,98830,120134,127267,140092,144160,142228,157009,149316,147616,146409,140761,141166,124760,112738,129598,133552,127773,118790,131806,117692,120699,115309,116446,107968,85183,103121,113276,108108,109393,107844,106209,110023,104052,110307,106426,110231,111568,97699,114979,99869,109065,99858,97986,108176,111864,94196,99845,105083,85350,101832,101664,100476,104697,106426,106258,122734,113791,120043,110059,113479,92265,106141,106677,99565,116563,96952,103539,109361,113028,109972,94099,100662,102469,100492,90997,95728,99808,100489,105750,100469,109627,100683,85617,98229,77444,87018,115493,105215,119255,100120,102675,99049,96710,95580,82976,73655,72149,71519,75316,78989,76191,87270,79553,87811,72761,79172,77185,53048,57894,60975,59021,61916,62854,62364,72134,64816,60824,55892,49335,43153,44601,47952,45326,48786,45319,50196,55644,50949,51165,46959,43764,36648,47009,53653,50682,53193,67480,55549,62940,62623,46126,55634,46813,53487,39416,53737,50897,49064,53499,49648,50675,51897,49282,44916,44071,40805,31977,39690,42037,42903,46149,44779,45956,44459,41359,40590,39374,43464,28131,42468,49728,47974,46667,40514,54597,48376,46733,47475,37651,39819,27912,45333,37774,47658,46353,49234,50780,41653,39337,38244,41228,37263,28086,45321,39854,35858,29921,34886,35749,25685,33432,30568,24716,28263,29642,28515,32119,36366,26020,27995,36096,28495,23109,21907,18905,22080,14848,22753,25190,18979,22593,19618,23593,19559,20621,18020,20785,17424,15569,20044,19698,19992,19119,20028,23569,19245,17123,17215,17379,16733,13659,17642
"    Textile, Yarn, Fabrics Made-Up Articles Nes & Related Products",81893,81401,82575,98980,94034,89188,84825,90742,104195,86637,86216,93619,84290,67177,94380,86788,100627,95558,87680,95159,87373,122737,104968,89417,108367,77285,86208,96743,99896,97068,103583,104568,105775,114769,100246,116933,133241,80166,110942,128643,112412,104153,106520,97061,99915,106090,91701,97060,136391,87330,105339,119882,108650,142975,173335,118480,205405,433939,384724,311993,170917,143017,83550,92316,93420,96852,87797,92467,99356,87952,105295,100444,101323,72034,102638,99099,103427,104900,92159,99533,100434,93287,101345,92174,91226,81558,99391,99067,110256,100646,92609,102113,98272,109003,106649,96388,107705,80179,88966,106197,109244,115047,104129,104355,94840,115851,118005,114133,116177,95556,113687,119995,104708,108356,112326,107871,114880,118721,107400,124461,109038,102703,111385,117922,113109,115597,114015,116115,119856,115692,120903,128992,115645,88916,109657,121715,111492,122612,113385,124791,140388,114426,118385,115653,109395,80833,115558,112186,115324,111545,107944,113872,135504,126374,133847,121456,117735,92408,106326,135718,127146,117304,116020,121597,123286,122048,127685,130802,126695,88433,113524,124196,117392,119317,107385,120693,139177,128782,120893,125772,130673,92103,98809,120989,106388,124263,118401,113628,127579,115787,106991,112788,100018,80758,91807,116527,110605,131766,147823,132707,144381,238345,146190,148051,130065,109112,131651,141120,146767,150886,148996,159145,168691,157507,150440,145790,131395,122817,149418,148879,139573,145930,151262,171139,163126,164000,154581,145706,140948,111868,114186,151900,133300,140206,145684,162920,150879,169631,154607,149160,143185,104819,125923,138608,128299,139723,165260,166546,168168,163174,155291,167329,166755,111961,132595,159612,131637,168633,164543,156463,172205,152600,155846,166897,164100,110361,132474,135701,141320,166214,154556,163490,178014,172582,180220,170763,142375,103703,126235,120099,136068,152780,135130,152674,159964,160864,186144,186391,185755,125956,124892,149199,185717,192891,189778,205221,204134,210319,212424,194404,189252,131467,139427,173676,168834,167220,175443,172749,175883,170389,160682,164184,148351,103921,119089,145657,139517,137604,143247,138678,158685,166413,153023,158678,150446,126081,132529,190606,203079,227007,231826,233614,248307,239966,238345,225602,193784,134438,188908,226874,232846,245793,226994,242031,254721,224345,236866,222467,202772,162538,222731,249453,259039,250037,229861,249810,275107,277568,266383,250476,251482,205940,221886,254095,268661,263587,260565,260628,257680,266738,256633,277056,252597,194052,259890,275917,275724,252734,269218,251025,275429,263294,271952,270667,283627,252363,220529,288311,276588,285985,266028,267509,284577,274759,266055,269536,268131,226692,280865,266836,275027,294852,284689,284396,309367,263269,297259,263214,256383,221258,268678,257609,273252,275319,252882,274309,259460,263759,292609,250658,293809,244322,274294,251781,292906,282028,273913,264313,262952,286735,269306,256832,269257,192641,220660,257639,281064,251607,245507,246444,236510,269502,254839,246121,207792,210290,244177,254595,260135,367736,247562,229847,274422,216530,240423,233103,165718,184111,203791,213393,206763,205598,189940,196985,192393,191333,195284,194654,147134,151148,157002,166338,169457,157584,142575,165604,145303,169200,164293,151692,125983,142473,171029,168332,159287,169890,146193,162706,172331,185030,200652,169977,159729,129008,195203,191003,184956,160919,167523,179587,175345,180763,177759,169426,153106,139232,172781,184152,168864,158156,150337,148311,168979,191957,160507,160849,163910,121767,145899,170503,157959,142496,148353,155074,170342,177918,177328,168290,154973,116243,165528,163383,149352,166329,161573,153973,165596,180574,158565,145219,130874,104947,155182,148438,149568,144252,139144,137579,143002,162293,147822,120642,138482,104530,130387,133913,140746,119133,136430,134862,121008,122471,101547,99740,96579,89419,105572,105512,93019,98039,112652,105226,94646,100244,83327,82232,76995,71721,101036,90681,96946,88472,86562,99513,96824,81560,73225,81077,93482,68121,105993
    Non-Metallic Mineral Manufactures Nes,368659,349464,404431,386680,399046,376683,498506,359006,381327,393301,383087,429901,394229,320403,370258,351678,363804,330257,375933,388465,390893,380422,367873,428793,497166,403521,402037,404437,376666,454066,553639,598431,589390,656148,485607,627749,630711,467342,492337,516776,469940,357499,461662,428427,429133,416953,336285,492658,463714,457988,435400,416267,546120,381654,352527,247409,223944,185341,400001,224243,359663,385592,403585,345828,415535,427444,461804,453763,447659,413276,539258,399753,475321,311910,411130,404311,408476,496433,402379,394452,442663,436066,479843,431947,484556,392947,449573,382141,431800,398016,359444,435546,397848,439635,414060,306115,520185,367408,413014,435162,455235,373728,448733,421760,459870,486542,443158,411214,615674,406486,422882,400613,340605,467986,450145,406625,381984,503324,334771,417515,486496,417994,508280,411982,454825,662631,455691,436956,467163,454237,370760,535860,530549,418011,454694,438146,381179,486414,329113,294894,408532,319063,313985,340702,348498,229309,334061,312426,316673,349524,305179,314751,375231,340518,314423,329364,323953,263095,250711,300668,341085,290038,309922,300344,337627,305833,280718,346464,280943,233774,273690,289657,268896,240867,257049,255843,316516,262731,260457,265494,299200,228666,276707,294861,281118,279114,289331,276643,318239,298493,249425,301753,232520,206047,213720,306598,304630,327198,324649,264053,287638,272717,406254,280302,267753,209765,252304,256525,259251,294975,263198,268929,264798,249701,229380,230135,251141,204771,247275,254867,246633,242686,248427,220943,237227,245867,227468,219701,240518,200459,177520,207108,223236,518774,496737,532278,566758,555990,507908,338334,448268,273665,301079,320208,274061,237831,241454,201204,222016,191485,208314,192307,223611,165470,180253,192200,179943,210605,198980,180244,205514,179850,166554,170356,177445,143231,207839,160376,188997,202612,157999,166347,183720,166322,194424,172752,176232,135170,194244,165422,188420,176672,159372,169758,184255,174068,172105,165474,170766,181974,155742,196684,194538,189145,201849,183609,204746,182254,199521,195686,201543,166354,182659,206628,188083,209271,188915,169801,202051,182774,159752,160512,181110,119303,142238,166164,154022,181065,162714,165672,168688,167482,191153,171892,192387,170542,185580,252640,255233,242881,273781,235396,287296,279285,238709,244144,270291,193853,250995,255857,260174,271145,257083,247308,287343,269584,230375,240040,289703,198955,251143,273724,264497,238016,226229,242764,267356,198841,199636,189776,211691,179777,169887,207198,213525,217372,199174,179506,180920,193984,188655,175680,198624,133338,179624,186746,162314,173043,160362,142338,167869,151428,154519,168468,151418,144716,127812,173791,152246,144514,132969,146960,156539,152872,141886,154246,157917,132462,135808,170357,157068,155938,135809,143771,148025,133721,142506,124474,151440,116461,140118,134322,128091,144615,101950,117371,142099,133028,135193,109574,126513,115951,124012,108717,122390,105976,97510,104125,103144,108609,113126,108219,117519,81935,105263,120391,124614,105910,103451,112918,109564,119944,90089,93194,88718,86789,98444,92706,103746,85107,90158,82707,96950,88750,82190,91127,73026,76789,81823,84048,76981,69865,80402,78076,69358,79200,77281,69403,65254,67118,76997,78504,79467,73518,69399,90709,75038,96422,84091,92410,75724,89193,109191,110664,111204,122052,93735,122744,119578,98908,114689,93655,96031,82089,115222,100991,109674,101910,103303,101482,99006,105625,108079,113720,94521,71870,88183,94827,93127,83227,87946,81988,87488,79126,92973,89357,81274,76521,77800,78259,80386,79239,82309,73821,83765,85646,83503,78030,76971,64581,89182,83254,82731,86591,72585,72057,79104,79153,70008,73485,68007,58705,78509,63969,59995,56686,47727,55673,57305,57926,55321,42692,47516,43684,45348,48994,46373,49882,49754,45213,51699,42694,42298,39879,46511,30944,38426,44640,33756,38015,35515,34359,32349,27050,36296,30634,31749,27461,34259,32671,28229,32682,30556,33304,29805,27051,26952,26195,30163,29403,29550
    Non-Ferrous Metals,591565,423799,489624,527576,486806,365771,370382,458235,539731,512423,515903,336658,450407,362016,472449,655700,517912,423138,339312,395294,430210,482920,532846,491873,455591,376921,349810,349694,363714,332822,455712,456067,454623,583382,425242,586305,476190,308522,430993,456747,446651,361928,401816,417977,432833,671202,383846,355263,440094,415876,309148,391434,309825,323817,309099,296797,411292,435788,389382,371924,422812,274162,386160,300553,339250,512978,353611,274338,365259,254210,356195,313305,357938,247080,272480,299769,290460,337817,323615,312217,325880,289053,285464,282380,340083,296863,369306,376081,472063,382861,354893,363917,285739,330326,401200,311111,338618,433240,571267,523714,439151,401148,413958,392146,448566,499830,660229,401721,497566,328027,292625,392396,343984,474695,412242,373324,473897,439950,362118,467082,500862,568245,585715,740216,528495,517198,484847,438409,498577,594561,530562,519055,604431,494102,407232,502951,406584,317062,343934,438596,402542,356522,427404,475621,461281,304757,385615,366629,355868,504426,322544,384059,438238,545350,505118,467771,573004,469976,374906,476735,514110,508567,398165,438877,558269,541005,698084,761263,713397,448644,478308,499375,462158,466900,411620,418455,399520,374139,385008,418291,432704,316462,405868,496285,499202,439720,469665,387553,483739,492802,434251,507544,519375,559706,592778,551621,522994,625832,637454,578577,693075,598036,644413,787763,836831,535984,570647,660861,645938,638044,560711,845348,747220,584061,606795,461003,597507,468524,613280,706927,642923,597573,566862,650397,572541,1112631,735407,495380,583893,582125,403566,450742,333003,410385,333686,428384,338919,406184,328982,375136,487204,254454,271463,426293,333594,332834,441422,325068,380204,336362,253051,248155,235449,243570,213502,229659,193970,218470,193298,206152,201024,189905,183518,282353,193044,166668,220049,168985,210405,168537,180414,207283,228455,277418,287262,301350,244989,280547,233845,234256,198229,248410,177519,214894,244065,266559,278215,251340,335180,332499,218218,227222,297790,252466,239508,265860,224154,213814,215211,257219,240865,185141,203325,234425,231211,234156,283554,190126,202975,172182,169699,159391,199283,146170,162482,195993,201571,234126,300687,258757,190922,204760,171930,175518,202021,187380,214816,231306,269878,359031,410877,295514,395850,277084,249577,216610,270192,251083,271971,291426,230674,227784,216431,159192,239635,201401,214123,244210,212820,236701,261786,335732,289552,318134,322504,271522,246384,231584,482198,300897,299271,253424,258346,327281,244725,210739,205749,198717,267003,202321,194912,202575,188205,138886,170604,217425,241573,198188,210743,216822,191978,199860,215431,232910,219589,140117,148357,217042,209803,252797,186903,195922,212275,227137,166007,194068,156721,111020,134388,155316,131765,136526,128661,133431,161479,148845,159353,169762,151436,134816,144449,150125,152803,198537,152726,140210,152137,137172,181907,141883,192944,138127,147984,139764,152221,156980,176654,149105,140785,149451,165846,176929,211807,184749,153834,236496,276321,257844,197378,239185,259255,238904,114726,144042,151979,124189,128261,136363,141921,81394,77701,73039,82311,74532,68717,75705,55965,64670,74947,80857,68049,56222,60101,71045,60753,47432,54028,51228,41456,39155,53370,35315,38481,34156,37378,45850,38746,38518,43799,40891,39236,32771,48686,42115,43636,42423,44156,52183,45230,39868,68722,48006,47597,31722,54652,48940,44307,49040,48180,60428,45659,45055,48724,38122,44421,40791,36619,31530,32520,36383,40007,42497,41357,50728,34798,35187,43705,31093,33984,37862,35361,38329,34636,39118,45496,42214,37845,39384,38252,33770,40829,40129,49428,49950,43738,51716,51025,45072,45150,42725,44014,39356,39921,29964,42907,32006,39134,42278,26295,31592,26856,26593,28071,21309,23000,23589,27451,20631,24659,34744,27331,23491,18009,22619,21112,17148,21155,23699,19276,21029,18220,22952,17632,17927,17695,18765,17437,16211,18466,23182,14765,17145,16037,22596,18151,17448,14387,12019,14336,10733,14746
    Iron & Steel,461418,527578,379528,466471,480953,456996,475439,427835,492143,494870,550678,476878,402214,388143,533924,436488,520994,524638,435618,532981,518332,549284,602712,427078,560148,469505,393628,484409,474948,522088,693245,617490,730196,676380,454933,567596,533289,438907,529893,483610,481489,506642,398928,568805,576159,479813,441730,620446,581352,298753,272352,307721,240018,245896,233266,249578,280744,359849,328033,434001,505196,416320,465136,413522,430044,522352,418507,431035,516085,416969,453997,423553,469531,301577,503851,421287,588608,446223,510376,474725,583128,494974,510601,487044,425093,441118,464478,392614,419008,456432,369581,329340,332710,361538,353325,447606,526169,284730,326852,307141,350854,365737,378295,386929,378886,406704,336133,404879,398839,384507,339957,411118,388126,439071,462081,518939,489975,507013,468385,627552,608690,447630,598109,593479,576667,668638,583838,620046,659275,585703,606286,658332,622261,611954,613259,526814,553345,655453,600740,654466,734971,623343,766408,792562,695314,655146,685009,589494,629233,650886,611583,731770,788589,789253,695677,812735,693357,571651,598816,747972,892793,706789,618330,728305,732850,725785,713693,857390,726719,538097,651140,587658,562165,497266,570201,559790,657981,752979,533355,595227,613710,430437,426077,541108,578540,568667,666758,478036,551093,491584,422453,553437,621972,567516,582866,817692,809389,1028992,1245295,1083664,1182282,917753,906987,869082,880177,787998,850060,733554,670231,717104,602523,704956,712199,794007,771510,747635,817370,626887,649990,648454,600515,620732,624796,668958,608984,638231,523141,466571,499065,411518,472058,532585,460918,452807,502038,499723,581827,572612,450273,565918,542105,368107,464158,493636,488159,408061,399516,377639,377391,392195,424623,436472,400259,295646,327725,316795,251156,301114,244099,270928,294673,300910,289081,279665,249532,205488,254556,226276,252155,283750,239920,280971,272020,212488,246745,209513,233210,178263,215422,232528,233173,253617,215522,220622,207450,214539,238237,238945,239337,213539,230513,255052,247426,232399,221521,264541,259935,254908,257937,244808,265921,221819,236184,259013,250282,239863,240634,227497,215497,232422,247833,209049,247055,181879,192893,204732,195740,230435,202522,248696,269387,265236,237958,314819,331119,370525,364028,479906,382396,392679,401507,336844,390067,291757,326740,371436,340219,235001,305354,344854,289239,370017,305316,315609,317631,331943,278212,321717,346190,232482,304507,324668,352083,368298,335942,344476,355019,380131,326164,308018,316970,239648,258803,281424,263280,247203,251633,250874,268704,248665,229738,319558,254032,292524,314581,291430,317301,316007,307035,262317,255787,256159,235732,297447,252791,249166,247618,330297,249972,271768,264050,197759,276968,252312,260588,250969,221519,211081,217344,283294,257743,275372,215844,295521,367232,265643,328702,292718,313142,252546,277050,286630,273315,300499,240325,253158,249842,249431,254394,205023,247535,275707,230406,260785,240403,266744,293046,275434,242127,278790,243031,234436,266982,239880,193028,243585,227604,250152,218206,269576,201390,250862,234403,206163,176702,165212,221678,172507,134034,148353,163250,116070,151906,114626,133736,142075,113512,143914,127094,116786,137419,158714,100006,148130,118787,120822,134354,110533,116751,95133,106034,101844,125390,110417,135791,125110,114815,105057,115345,129015,101386,105329,155587,120683,158453,159264,125226,177562,159719,145503,144745,127262,130269,103322,178666,138301,139307,141083,154076,172088,156487,184431,172931,191553,162400,121661,155667,175915,190231,204885,214988,154166,246908,215870,253245,282777,233865,219842,203305,235170,232935,246186,223183,187262,223513,160968,178273,173944,172519,131950,194649,179601,175929,162265,203966,154705,186029,130425,145914,138927,120582,121115,135097,125843,150119,115295,112437,163484,85222,98774,108059,124806,158554,112931,105472,114772,115994,97633,117926,110180,89522,75964,88349,77691,84990,83246,82493,78434,97993,113015,83581,94064,56892,56187,51853,58458,61080,41270,77293,70267,74896,74850,78071,52064,84516,64308,44939,51120,52159,43091,77464
    Manufactures Of Metals Nes,530588,488790,551565,638974,587251,570556,535012,580223,601542,624700,583912,549662,548804,503284,880119,627302,611995,585560,572247,556722,576841,562978,798633,578567,573892,456069,508983,543108,564306,557438,691232,658717,767263,602510,616360,708046,564821,445762,638557,647203,589322,581534,557667,577526,551228,536246,516140,541113,498188,402490,452099,484489,415755,427311,393944,384225,387424,368011,515103,399036,571039,394060,500804,544496,509037,505490,449547,493749,506227,426855,498964,475391,492341,386027,490398,469649,499590,502994,459275,483765,517304,485980,477902,464056,445850,413655,473679,520702,468428,472111,482643,444622,470900,417236,457595,423798,464655,413156,400645,475099,471140,506451,462818,617350,517823,723591,487205,491218,499604,409256,495701,512226,487278,518820,493882,488053,575935,496665,497968,638252,541829,520679,562455,575130,536631,565238,549200,565105,588219,554187,651501,629016,600241,501133,559310,585226,589563,564117,553747,563352,634827,538987,591867,545161,532444,467947,558224,525363,532593,569453,510525,538810,626282,568037,566144,549139,570158,462823,534612,541749,567777,556266,570567,549113,536285,535217,515922,514449,525514,412935,495015,544207,521067,493575,510562,530524,531324,545930,543443,549774,544546,527962,495815,531073,496943,492108,470857,522435,503380,459666,469873,491306,475058,419765,519190,539344,566355,651854,696851,663917,626723,615600,565868,588309,548935,472941,554555,514377,575733,561658,526717,561996,563360,588059,522819,527108,529630,432241,433352,467311,488432,464279,475453,426160,489181,471831,444373,433292,443805,366004,380003,425005,400292,439288,424307,429522,422298,415081,361308,372378,379132,303631,334502,377940,360375,434126,355483,344030,348153,351302,330816,339651,325596,275119,268602,320742,286775,313700,293510,280285,306832,294644,305545,297208,318950,254174,284319,281136,288151,286750,257647,271524,279575,260838,281246,302742,264988,221107,273032,251564,272743,271551,256861,264701,257360,252031,269530,262406,281731,232405,263793,274224,286507,302788,280575,279961,302369,267303,268942,273926,282970,231041,234832,294199,295016,288950,302839,281871,281667,280059,266255,265702,274354,223087,235809,275153,253233,288520,276024,252948,290843,297100,268449,284868,289845,261739,262096,334582,318861,332114,316794,317530,320861,295685,286639,285546,272067,201638,266733,284048,277281,272886,264526,267468,276360,258618,264568,261996,253576,221671,267173,275231,269057,274483,254188,276667,264481,254986,254183,239100,238490,204152,200675,245764,231665,227793,224174,226842,232255,235130,216903,236171,230972,178694,210886,239197,215838,205506,218098,196903,214147,211890,218135,305560,217906,183893,175068,227618,196713,211552,188253,184998,212550,207231,187296,197536,199613,171427,176054,198774,203131,205713,164209,189191,235640,185173,224602,185829,205784,181396,192419,189312,203186,188443,163116,188604,176691,181003,176354,177039,179208,159822,177957,173054,203781,155356,162396,166968,157691,165980,151366,141758,147830,115801,130983,168112,165839,159635,141712,149319,137510,146337,122558,120029,109911,122138,130219,119183,118594,105281,114427,109475,136370,117970,108630,116147,86616,97681,102149,96048,100980,93813,92310,96723,93070,102414,95091,100496,83850,83570,95065,95144,97892,100749,98725,122938,102448,108015,107134,111955,85552,98941,124068,109075,112553,113986,106996,102678,109398,97011,106339,102221,107825,87021,113041,96807,111278,93706,103487,106070,107854,105721,115059,119955,100930,86239,108333,113548,115539,101213,101461,126129,122172,112580,108297,104561,132210,96839,109658,114059,108119,121095,111301,100943,115844,104473,114840,115229,94114,81827,119766,93255,92542,90214,94844,99112,96544,94018,89997,87221,79479,62192,92745,76297,92553,63463,68625,72428,67071,69474,69970,60161,58145,46759,55592,54719,57975,54196,61212,56989,62468,47756,47795,45008,52591,36301,44567,52073,58331,46924,43875,46172,37945,40192,40762,45303,39085,29581,44518,41407,41427,37619,35887,43133,35899,37197,32345,41216,38208,30435,43376
    Office Machines & Automatic Data-Processing Machines,4319769,2817533,5361888,3712614,3899641,3080004,3990826,3027008,2820261,2923870,2990416,3116792,3856652,2265677,2004635,1693130,1798578,1721881,1847669,1686509,1465690,1809905,1777377,1680909,1783178,1576724,1690229,1951548,1997869,2556657,1906337,1930507,2167253,1960109,1699049,1799997,2087965,1534237,1864864,2372442,2067808,2053283,2169668,2315223,2180344,1896660,1934900,1985086,2152803,1773504,1843260,2050988,2074754,2001363,2339558,2218444,2194763,2037409,1794445,1779233,1740175,1539089,1492298,1735475,1971599,1995316,1652493,1860750,1857752,1757279,1955086,2076799,1759451,1529031,1817182,1921010,2085534,1786242,1716235,1880424,1648060,1570048,1723740,1709286,1773213,1583887,1537845,1783307,1898310,1633493,1709344,1758654,1761104,1746483,1840585,1487231,1886458,1526131,1622263,1705818,1682139,1479169,1508611,1460785,1292223,1464946,1482189,1428377,1684502,1417203,1507790,1795876,1751535,1630015,1792116,1668066,1491617,1599939,1614366,1567301,1762334,1474196,1565859,1770589,1529027,1587091,1580119,1440079,1447817,1478749,1491293,1658238,1708106,1370649,1568494,1768402,1604752,1555935,1658333,1569877,1683981,1560624,1573862,1718326,1763534,1405511,1625528,1756095,1686555,1676468,1754179,1748235,1744357,1965744,1841890,1836379,2098614,1686307,1630492,2011662,1898791,1744000,1841265,1923394,1798270,1800362,1736632,1712694,1926203,1618451,1814906,2113912,2030535,1928984,1978142,2054672,2306079,2036523,1841831,2027058,2090810,1705675,1736216,2085286,1882173,1948980,1850055,1755295,1792815,1731806,1600346,1561483,1602003,1543666,1555370,2190046,2363979,2825173,2919876,2447440,2410259,2271090,2181592,2330062,2532474,2044432,2256625,2449892,2411461,2393332,2359185,2564513,2515458,2517146,2506638,2386815,2510363,2184344,2347971,2389479,2423436,2585840,2649426,2719000,2491809,2385536,2292298,2569088,2631315,2432671,2642897,2785473,2720496,3047512,3012202,2937890,2651272,2717817,2497291,2653877,2729506,2084405,2325419,2712646,2449121,2608064,2627186,2417902,2429220,2303847,2143082,2247832,2430419,2105405,2206508,2574613,2388848,2578299,2415528,2106171,2109570,1937683,1885465,1978790,2165594,1693296,1993686,1627159,1644746,1673119,1575263,1518820,1583510,1579045,1583988,1665930,1841097,1456543,1578369,1675813,1674317,1673212,1501454,1604670,1616855,1731745,1671924,1738686,1955898,1804974,1795402,2361331,2253870,2111490,2114689,1959869,1951891,1916836,1759854,1709773,1913791,1476651,1417439,1774886,1719424,1661539,1630405,1667947,1727565,1874708,1799071,1635935,1833723,1366722,1492858,1894101,1740805,1819357,2024858,1918896,1727203,1957556,1830126,1780166,2123844,1903022,1695745,2202449,2150083,2221726,2155799,2166312,2144519,2073654,2075175,2044618,2117187,1568025,1830775,2034208,1956691,1912746,1849493,1673230,1698698,1696942,1802212,1791302,1978330,1545256,1654861,1798945,1728875,1714337,1654384,1571542,1579472,1653155,1533826,1408896,1517858,1281230,1223461,1378273,1356639,1365105,1394256,1342385,1267009,1305745,1303291,1253555,1220542,928330,1016513,1124587,1028379,1074335,1077537,944467,1041702,1022915,1049345,979947,1066761,916874,832898,1089007,863688,834067,775210,746230,769630,766815,694277,723825,701817,567378,583692,630239,622999,589178,666704,652149,768221,761965,724400,700106,719329,615817,683325,692668,693534,722279,679805,620411,696500,641462,674736,562031,696070,608563,572962,605764,632560,599850,532640,542772,492706,523929,487258,464551,438310,369449,364364,453069,430864,423759,408152,443168,410633,427381,338851,357216,350164,338820,344170,361647,322267,289060,308775,250972,260229,275233,256733,257039,220153,200253,198720,238278,188373,207051,175276,163615,171733,162214,149233,183474,145999,137283,152510,162082,142272,152114,155859,167024,169433,147176,142380,167344,172463,129049,155000,150068,154816,189396,153189,162232,161734,163096,178036,144188,146559,120587,127434,118351,111058,109647,109868,104380,125077,98221,92767,104037,107523,65838,72193,75539,78909,57378,61442,68815,63174,66156,60256,53975,57539,48658,66379,58169,46398,48548,46536,52747,42242,47783,48294,47018,43657,31397,57246,45707,42643,48704,46987,35470,41142,44159,46963,33463,36403,32924,35731,27480,27355,27221,26015,28524,29872,28380,29489,30227,23627,18760,19684,20831,21529,21012,18066,21370,17122,19779,12748,14783,13393,12198,14171,17177,15059,16631,10474,17396,12647,12378,9752,14084,8542,7727,13843,8824,10912,9349,11669,11756,11474,12159,11224,12466,13502,11800,11874
    Telecommunications & Sound-Recording & Reproducing Apparatus & Equipment,2214326,1738523,2388956,2700285,2520429,2211286,1835741,1833989,1892153,1506200,1779798,2066137,1995403,1539736,2099065,1934827,2205265,2281179,1872691,1631795,1691891,1775628,1797016,1540238,1883918,1669819,2048559,2110403,2030091,2410285,2185071,1817104,1699893,1712618,1852655,1838604,1875932,1355995,1632858,2212229,2081536,2152092,1784676,1433295,1444530,1498026,1536827,1697390,2008977,1451789,1988142,2138167,2124609,1520156,1539841,1756418,1945005,1621074,1475121,1491591,1828299,1174948,1715388,1979641,2211413,2099533,1735999,1474021,1565886,1463130,1694319,1623401,1629934,1199988,1419177,1711748,1685820,2006722,1571372,1533042,1464337,1254807,1371853,1351717,1343446,1148027,1421358,1778962,1696385,1490309,1345716,1289040,1278436,1315074,1376448,1329474,1490731,1165859,1515057,1673334,1525465,1577500,1351669,1185480,1164935,1194931,1186354,1140392,1410240,995189,1288118,1440318,1531336,1631788,1378251,1212518,1229309,1241284,1187041,1319345,1323748,1144235,1439513,1839160,1470001,1527173,1381573,1073053,1161585,1244439,1251200,1378466,1330406,1097720,1286967,1451837,1490981,1385097,1289473,1335827,1378871,1377754,1575059,1354573,1463829,1304679,1710321,1667389,1682987,1588075,1522414,1424870,1504341,1442758,1596878,1402549,1466576,1640715,1356089,1536198,1803731,1490178,1505347,1607868,1475646,1501131,1575448,1412271,1673437,1496377,1582745,1673803,1581353,1517263,1511204,1580673,1514488,1501312,1425305,1408464,1615807,1202263,1329758,1609360,1463200,1508149,1433194,1309286,1320466,1311667,1108705,1222292,1376221,1232934,1127990,1437496,1409252,1654464,1855233,1780753,1910684,1832543,1729152,1786654,1948466,1604649,1896509,1926259,2185396,2179983,2185012,2226001,2122551,2036570,1737773,1734735,2150586,1644482,2197875,2646854,2453862,2247817,2473264,2155682,2088511,2003752,2089396,1980494,2331355,1945365,2012966,2585529,2073538,2097488,1801396,1727232,1690634,1674409,1626482,1786412,2031836,1477856,1704649,1927554,1896084,1857327,1895653,1734387,1767905,1888746,1706200,1639114,1716792,1488869,1383867,1600990,1430006,1509011,1416746,1295259,1329723,1197837,1203667,1149706,1160274,910578,1054522,1320949,1392723,1541219,1405291,1421811,1493360,1350683,1494862,1493375,1567440,1203822,1439901,1466002,1555384,1599885,1375086,1475764,1351567,1348586,1396434,1400973,1483995,1389711,1268945,1501687,1678463,1587208,1645473,1621818,1599940,1620338,1446314,1312028,1452225,1123002,1106082,1377604,1333614,1260720,1215474,1158319,1217801,1228705,1152341,1168770,1079531,892586,886176,755254,639216,749673,786999,718279,771268,729114,660923,765882,817577,761730,746511,960967,922802,1028400,1019663,999388,1088201,967072,971548,955000,987512,813198,935204,999638,889562,984308,909546,918702,994763,943580,933612,957865,966495,897804,1036915,1076995,1060746,1108896,1099152,1148222,1219606,1104750,1049236,1023598,1100076,1022091,1015296,1180386,1142351,1158373,1262995,1220460,1170796,1120250,1089778,1223895,1071126,1042816,1201994,1295753,1085501,1144644,1215630,1048927,1112301,1058035,949193,907735,920400,859348,703210,947887,836800,832439,695860,638239,758525,720708,598449,761547,778944,616901,617507,771204,775251,735409,703209,742650,859764,789729,701183,678031,872169,791082,852399,818551,810281,684758,547396,632569,630241,717176,670520,679301,734441,671275,623748,546979,572840,633722,643003,605380,519756,554233,520659,515662,568153,478311,386427,659688,526301,588204,519947,565625,502769,499172,393823,442364,404612,334807,387635,409484,376656,365743,370820,376355,387928,310821,330873,313106,264180,257317,265924,263020,265858,277605,256899,286804,268173,230312,252026,251720,215152,181334,225671,198896,205112,176205,161567,203587,150763,177475,202833,187151,161865,185570,242419,204817,231446,221753,166265,200462,194988,167542,184995,183350,209946,139311,198418,170386,183406,171526,175394,197335,182806,184028,173500,183273,179116,178772,180286,182033,181482,170255,148744,166246,180893,161868,164422,160656,160227,140651,143438,150469,136750,153620,149193,163018,157926,180722,156773,173561,187882,121131,200767,170154,164055,190834,164435,146455,153508,158728,157750,129897,131494,93304,123151,129068,113438,98058,99067,108512,89734,86545,83464,80262,102627,75070,69159,60090,64021,64992,63473,65702,68410,59934,52709,57420,58392,39362,57576,59187,49477,55166,54118,53221,58702,42054,48839,53966,50883,39707,51186,52979,39222,41048,36606,39293,39018,37579,35240,50372,45198,31124,51033
    Electrical Machinery Apparatus & Appliances Nes & Electrical Parts Thereof,14591250,12940060,15409516,16932372,13605131,14667536,13694311,13388003,13589987,13778181,13815348,13848811,13858865,11457402,12452630,12599257,12230127,13141604,14240653,13466107,12811126,13028070,11760611,11882139,12998357,11523223,11352525,13630881,13857808,14064556,14521196,17396307,17614193,17549629,16014882,16025030,16882252,14120950,15441607,16008769,14320421,14110849,14018547,13995104,13786492,12899438,12415125,12877922,13177425,11262319,11963006,12158635,11197889,11420719,11377785,10452496,10852742,10690085,9661009,10134994,10107527,9474747,9380629,9844687,9275862,10169759,9138763,9371492,9420620,8475250,9333307,9376549,9368053,7933582,9650932,9768290,9988822,10621367,10196601,10485920,10469658,9745509,9928629,9197591,9379168,7627992,8949777,9430570,9741100,9771624,9584968,9802780,9233527,9106948,9087641,7970789,8669776,7429463,8787900,9289407,8555232,8571534,8685396,8983069,7777685,8087189,7889494,7661164,8431632,7924533,7517227,8611258,8038999,8592724,8797027,8782988,7912570,8584605,8429238,8195286,8530255,6723564,7364863,8281000,7550042,7780939,7975538,8046915,8259010,8531143,8489424,9272105,9073619,7145981,8067487,8244526,7887711,8827801,8992770,8529967,8136461,8520769,8747586,8033047,8277954,6796954,7475060,8084491,8162716,7433724,7595345,7411068,7809798,8670467,7527019,7024311,8116867,7104043,6726088,7310469,8043916,7014930,7457620,7224476,7147869,7567158,7446964,7306394,7961293,6775387,7509457,7761094,7598733,8490420,8742999,9306912,9002341,8540464,8251517,7785281,7908814,6590272,7013672,7055668,6956283,7104145,7128404,6987546,6873287,6490273,5935664,5653422,5600018,5427242,4789274,5723002,7053449,8133922,8615339,7879269,8158208,7823113,7512744,7625851,7874330,7423199,8142581,8355300,8317477,8602527,8509097,8158106,8151029,7915954,7859252,7475061,8360880,7209031,7769302,8092896,8003261,8268831,8310964,8466822,8170733,9102803,8360360,8002606,8744348,7709052,7343980,8383007,7949535,8592422,8084390,7719557,7336223,7177763,6782195,6796298,7063698,5807966,6571846,6834754,6560497,7071029,6971535,6953265,6943111,6870419,6727995,6589181,6689737,5860699,5768887,6025200,5670462,6024089,5809345,5430402,5501757,5147780,5262280,4849920,5177488,4438654,4664509,4538537,4762052,4840497,4727933,4905417,4870096,4851844,4843178,4653949,4638643,3834629,4064720,4170939,4168410,4407762,4258494,4309273,4235792,4480480,4452179,4593957,5271145,4929552,5437772,6319592,6408993,6615807,6683200,6579433,6172382,5858290,5358036,4994625,5383595,4753765,4506975,5205582,4942181,4790469,4534641,4318087,4418381,4051040,4057131,4035312,4091672,3393430,3582050,3845749,3574461,3707715,3738150,3562408,3804108,3571605,3381674,3522034,3792724,3716950,3515422,3918664,3913160,4030151,3995024,3922701,3826799,3614137,3614326,3508122,3816871,2861181,3304619,3447153,3444290,3571357,3317518,3474587,3529517,3339880,3335455,3584480,4016523,3409131,3864079,3879463,3973074,4127970,3875022,3865434,3925670,3600093,3489434,3343086,3429551,2889158,2767089,3019943,2916408,3044489,3015301,3008435,3212164,3046005,2853822,3004542,2628188,2080217,2187593,2226038,2103976,2133931,2237216,2031483,2138329,1976332,1910423,1906831,1887859,1615699,1447796,1774838,1569725,1570055,1475244,1401421,1609299,1453571,1320401,1418253,1429661,1175461,1198137,1327401,1319341,1300546,1322463,1391513,1514183,1377632,1328118,1270592,1402080,1180745,1341671,1360147,1264150,1263717,1215063,1184761,1250645,1160873,1182616,1123026,1224162,1079211,1075047,1114072,1114196,1218875,1177893,1155694,1060565,1101087,988466,1152271,1204579,1032091,944644,1380270,1242164,1319051,1122519,1326087,1213617,1308590,1079395,1107406,1035227,973128,916117,940817,963848,898899,974848,884799,916166,888230,805520,862273,700565,721592,675965,797044,732636,755484,719736,713133,668363,617407,630163,656139,547665,486212,488221,475483,523872,489015,480372,513277,470590,476774,478575,593944,473981,501014,507732,542650,591702,593773,516691,559479,588083,524770,557625,495055,528675,415483,469728,542112,434532,442030,460188,507675,459382,466517,484177,445302,443281,350524,401567,449826,413801,405556,436325,435308,434143,397763,397483,386419,415562,343533,394660,417201,345942,494974,391943,363059,396452,407967,383004,379999,393038,349205,411140,388560,385679,426758,433578,326613,333561,294419,381842,333569,357407,307061,298929,330745,318488,285744,283245,304958,296843,357050,301799,311019,275806,252464,222287,261247,272837,255637,234397,248283,244651,247181,223200,227134,263275,189400,197148,201807,187826,191802,170450,205975,187194,170967,175186,199755,166798,161962,171804,155086,184001,178661,160420,162823,171496,143700,132759,149786,166165,122883,149462
    Articles Of Apparel & Clothing Accessories,214406,211197,262415,312063,291394,291069,259698,279028,277383,260656,269956,249036,262626,248320,318330,317166,341855,297333,265422,294323,296141,293756,282223,250829,285635,241163,281436,361460,388213,294550,290092,318636,325826,317067,292645,268125,254217,214564,276257,335056,266082,264994,233514,236921,236934,236136,243390,221161,237974,227569,253841,364368,338598,287472,285173,320639,335112,238800,175674,131329,225502,215380,303326,333584,323216,275379,260437,299218,310964,284890,318326,262020,260946,228357,313407,319689,379304,302765,261288,326529,322670,304764,298793,251515,253732,250159,329979,313265,332057,285066,301017,320205,309674,294666,321090,238398,314875,242248,298189,350639,322335,281707,291521,290059,265956,276831,254410,250594,235992,232942,281229,315248,282616,255624,268163,285027,315173,308292,264145,267098,244206,245748,298632,305763,262401,268103,256879,283388,283724,277340,249115,254531,257015,250600,323291,294404,739642,271981,239699,270852,320973,274282,245742,243500,230461,226392,291182,273675,256980,252844,249979,260038,284039,261249,246681,227576,225674,196177,250832,301020,260559,234520,234104,272339,290797,261300,220771,211225,215185,172150,260831,272983,228855,225854,234595,250434,260855,229172,204084,182717,180843,173814,225551,244985,202149,199840,193722,215413,236700,206315,185968,181352,202301,166626,226186,292374,233321,250995,268954,281680,318742,265140,238800,232336,228076,197278,327840,310628,313375,321863,316967,370559,380131,305895,274652,240398,226374,254824,338616,303563,297274,315043,357541,402022,412364,380303,334887,267356,282145,249942,361021,416993,329745,378682,391555,376935,293017,246591,229957,220976,213953,173045,279445,335579,312534,319540,348352,363331,404003,336525,308435,264237,287409,202832,300939,331074,284430,314341,332758,352354,393547,336474,285188,264028,247669,197233,306504,284890,286879,302931,294843,343600,343016,261033,245826,215079,196810,181544,277392,264134,233718,246535,247334,278979,315369,267798,257279,218160,246560,215605,245064,298402,270403,278414,302083,338507,313151,282430,265244,228379,239132,178777,251342,280510,261082,257439,266473,267320,279316,238302,209063,196078,182692,161570,194990,226021,184630,195715,205872,221993,214247,200415,187459,176691,184781,161799,195750,259383,237124,249734,259566,255848,242046,208642,220176,197311,199559,127675,225177,236616,197343,227133,212717,221433,217536,184137,196700,191825,178155,160228,218524,235328,200425,207831,202575,214804,203389,186912,188542,179205,182524,134464,193856,246806,207710,210621,210902,219976,205076,188567,187043,204170,163178,147621,206793,194717,177592,159751,192956,168243,176255,175818,183925,177093,169114,212135,186305,220536,181863,183752,150917,139425,184501,162196,137509,131599,181107,122604,147349,154282,137892,146479,138955,152514,180006,141664,116728,143737,174053,153738,182606,161026,242174,117565,104852,118324,76630,111968,131473,150137,143236,159409,148700,114007,131606,131378,139100,132715,100385,114574,98379,104641,95664,81948,85162,146805,105921,100158,88835,99433,95212,100505,98396,91670,73217,95578,114225,111882,104051,99225,101636,89730,90752,86077,87482,80776,65355,57807,97211,88336,74862,77264,65259,65620,64370,67402,58983,55127,45162,52280,71219,58634,56831,54528,53544,56051,52825,57188,52383,49360,34418,62406,66271,69023,59585,60371,52125,52375,55534,55500,52545,51179,44881,35206,58575,60569,55788,52600,49602,46449,45525,50602,52173,51285,46778,33517,46947,56854,50064,48602,44792,43309,47143,47962,45358,41221,40961,33044,43815,52305,39067,34621,35090,35015,36532,37497,31748,26387,27357,21349,38165,35491,28887,28350,28666,25391,23441,27471,26463,18916,20414,17842,22019,23129,21515,19938,18536,15458,19713,19456,20650,18981,19703,19280,22157,27031,26946,25679,21868,21462,19343,21557,18166,16619,18401,17964,21524,21797,18523,24028,21727,18141,19605,14848,15967,15786,16141,15586,19133,20835,17935,18214,15367,17007,19354,14848,11566,12470,13130,12328,16483
    Footwear,103800,81641,104460,117863,113413,95330,85226,107844,106131,98381,100583,92486,87972,97293,124936,108069,132243,113460,98991,113365,114129,121630,121552,107114,117653,94542,116718,127292,131715,123243,117216,112879,122722,118233,100660,94459,85290,72261,93174,102214,77983,73819,73436,75080,90483,85398,69958,70299,77304,65012,70930,77449,70460,75347,66737,69095,82336,68522,34119,42429,69902,65989,97092,101661,104269,89828,83386,86569,107834,95238,98504,96426,91917,73344,105010,102575,103819,103452,88877,89352,103764,93192,94941,83301,73981,75725,94800,92988,91148,84824,74123,83408,88828,85182,92596,75267,76149,61122,88051,88403,92050,71282,71062,76247,72536,83239,82442,71153,68201,63236,90146,93164,85728,75790,69580,77513,89461,86396,82346,87290,69384,69529,92360,82309,75305,80084,61261,76886,94509,75669,81936,89239,73531,54031,83442,76931,79197,77735,68736,71275,84442,67816,70264,73220,61533,50515,77048,66758,67117,64942,60907,58572,67140,65960,68320,64707,61742,54573,63424,69334,61527,67551,60432,61795,60974,58752,58269,55958,63984,41451,65059,65427,57825,60080,51497,58357,59368,55983,53054,57136,52715,43286,53033,53919,48105,47220,42768,46057,47832,46299,43057,46788,47150,39125,45432,52919,52893,52634,56364,45556,56936,46045,47889,50462,49740,35637,54914,131027,50071,51426,48231,53813,51891,48742,48144,38493,38388,36811,54087,45956,46041,42123,47802,47991,46711,56665,41472,40825,55051,35555,43203,46722,50049,48878,48233,42742,47457,41032,38211,38769,37921,24719,36612,39649,38247,40409,47117,54113,53701,47643,41868,44510,44469,39431,45536,50913,40764,36796,36524,39012,45653,40324,35583,39252,45811,29951,43306,41593,37180,35942,28302,37927,38410,30501,30177,33871,25978,23067,39238,33188,37382,31042,24767,35425,41023,38433,32499,29813,37174,34088,39112,39175,41142,35438,47697,46009,40727,40589,34733,29923,35433,25302,39787,38974,35510,27794,29356,30271,38401,31834,26290,25371,25386,22837,28636,32235,21953,19789,19997,30192,27323,23478,20184,24955,25916,26078,35117,42684,37873,41500,48159,42889,42474,39379,37211,42362,39522,28464,42582,46090,40835,41518,35180,38210,39544,34996,36767,34490,31689,27290,41684,37200,40611,33684,31343,37408,34157,29528,30861,28937,30972,25419,37120,36495,38403,34254,32865,37411,33540,30430,31095,30901,32719,27710,39209,35840,32794,29998,29253,31474,31595,31905,31352,31421,34342,31582,28754,39796,34788,30836,27560,24361,27098,26337,23299,25739,35811,23923,28739,27902,28514,28203,28037,31471,31464,30895,30212,27264,33262,31022,31634,31742,35420,28721,29117,25233,23912,28412,30256,31212,31058,28447,30571,29785,25100,24153,26522,25501,22656,22793,24088,25104,22686,16426,22036,27296,27676,24730,21171,22490,22215,22748,21348,19785,16223,17009,19242,24445,20355,17843,16590,15267,17507,14711,21474,14753,11093,10080,17702,17802,16694,16873,16664,14318,16318,16916,17949,17259,11774,13783,16481,16678,17601,14795,12993,13696,15136,17644,17183,14505,9410,13017,15219,21004,16162,13270,13477,13583,13974,18068,16852,13234,13523,12382,14047,16983,18004,14922,14456,14812,16603,17280,17264,17824,15047,14144,18995,22644,19197,16555,14277,11888,15620,13593,14318,11881,12224,9548,15231,15827,11978,10138,9488,10898,13440,10447,11486,8735,10066,8370,11987,13086,8850,10506,8207,9270,9116,9444,7866,6539,7208,5585,7670,7239,8052,4944,5029,5526,5665,5361,4735,3759,4191,4763,5197,6362,6026,4500,4321,7104,5816,5390,3694,4883,4865,3218,5563,5472,4167,4386,4441,5651,4880,4004,3928,4225,3356,3099,4534,2923,4301,3796,3752,3749,4000,3370,3235,3195,2927,2360,3237
    Professional Scientific & Controlling Instruments & Apparatus Nes,1292795,1112906,1234575,1275135,1248882,1254533,1184761,1229047,1220517,1161882,1202087,1101698,1169183,1015360,1049047,1198484,1079783,1186175,1182567,1148717,1131487,1054191,1103573,1090304,1254489,990106,1020984,1280321,1247275,1282615,1336842,1573288,1561358,1680192,1486840,1525259,1647733,1251742,1303218,1575727,1455800,1400640,1296857,1258040,1367814,1277695,1208627,1253938,1337780,1106044,1116794,1273947,1226492,1464526,1240320,1120273,1212556,1211699,1059738,1023353,1230111,1175186,1172826,1171990,1141661,1189938,1134819,1107019,1238953,1030685,1133813,1082555,1096693,837387,1011649,1079514,1124375,1102659,1070132,1074163,1092203,1024398,1046222,1105412,1024868,874883,959344,1086610,1017836,974446,928502,899018,992848,1171514,1001456,952587,1178246,908628,898992,1034850,1130169,1047690,1005015,999368,975205,1073921,1016313,1119292,1139103,894250,822727,961888,912201,918915,906514,836836,901736,948834,814335,972781,967942,814423,960191,913549,855204,860158,863839,857044,851244,852989,845552,981330,979224,831060,843766,878256,873093,934334,945911,944494,971611,868651,829272,879021,886180,705209,806638,858936,840522,837413,790324,848874,856174,869151,773784,787769,815293,703029,659671,791956,816466,693112,729097,696662,711628,708393,689453,705576,752453,621641,648751,744671,706500,722734,764427,745972,705622,769051,744209,709411,822188,614207,560660,706565,649706,651231,601296,559798,647576,570759,533355,539603,598766,496213,456983,579248,627890,689648,711420,710011,719620,692511,609479,669851,719434,596423,618279,704755,644724,763086,714549,743483,739060,778481,705066,775271,796406,629238,694336,852739,684202,708510,712265,701942,745485,728020,719562,682538,835816,716280,596170,772196,696354,751879,744006,730686,677416,751370,632205,655956,606931,517997,524264,633675,581913,615207,645757,647924,677815,669564,607932,695461,690205,553781,447362,571626,511436,491064,417735,399521,393466,392092,403402,400396,454159,337004,308488,314327,322620,376592,355921,341329,370227,354664,324208,383045,356006,293274,309837,389961,340576,355037,312280,336212,336234,329737,374465,360761,414699,339053,334659,438941,399677,414503,412987,438668,517176,529804,493466,500414,663029,534252,519035,522480,483894,423172,442332,438463,436526,403374,371817,358510,388247,325148,257966,277198,276989,309530,297524,306258,337970,326121,315024,365476,374608,346789,343478,429496,385569,371302,428991,372175,399011,372856,392692,405746,408155,285774,314660,329016,328292,324865,308301,330664,358554,314343,294340,294503,277984,260920,262412,293666,273792,306526,314218,333099,301055,294339,248739,315894,265011,288499,247866,305958,246946,281477,256654,269062,259041,254915,256426,287219,263065,194255,216745,242028,239613,228779,234059,212047,216516,212649,193415,187775,203208,182711,165364,209865,171808,179419,185441,170052,176238,173462,157791,140746,154910,139305,139311,154344,143310,159775,167540,161768,174712,159429,148859,137344,143756,132340,134607,142374,138062,155158,139788,137932,132797,137166,138232,126950,150137,140213,129205,128141,142917,137980,137536,128072,110752,129131,136731,117825,131448,103977,99191,118048,116527,165100,102488,123198,105862,110636,98678,109454,99966,109040,94321,95701,89200,91868,94573,82597,89507,93310,80250,78655,73132,74008,66135,77655,73436,74185,72617,63759,71792,61026,58660,70279,68736,56192,64418,69787,63536,72270,61174,70149,57592,54139,56735,63442,57356,53030,56668,61075,74562,67300,47702,55223,65201,55207,53525,53020,51955,48228,53266,58171,48696,61103,59260,51784,48960,49557,53770,58553,53409,53467,51976,53835,55619,45673,51102,53715,55912,47863,57921,58044,53918,50234,60197,50948,52157,55056,54219,44859,50516,47575,37967,45341,41796,33779,48319,37318,43285,43984,45430,35774,36023,30116,37987,34627,32857,30095,33717,30406,34320,31561,25390,29933,29935,28797,28233,24771,28837,22537,23864,20576,22016,18451,23421,23072,20429,19918,18006,18007,17566,12720,19914,16933,13768,15884,14010,16437,16035,12704,13134,14908,15620,9522,15661,12103,11904,11307,11553,12211,12915,13747,12820,13113,15415,12850,16066
    Photographic Apparatus Equipment & Supplies & Optical Goods Nes; Watches & Clocks,463001,427037,396223,425223,479971,461146,424436,426719,457459,455619,447013,453286,445591,471128,428729,448439,495655,486419,482439,426806,494291,446505,483001,458907,485441,446365,403594,476774,516330,558879,488423,483553,487608,522807,493712,503066,497384,447986,422626,464045,467864,451932,395634,351347,416937,406291,417983,420599,447705,365812,382642,416366,401736,386904,370701,334971,340069,305109,213846,171247,379602,365645,383629,428130,489198,493763,483934,425674,430035,367274,424434,421855,403867,342584,360840,391719,434471,440391,433865,408039,431033,400676,364797,403822,400473,355100,372923,396879,438774,417115,401447,370370,393783,373054,413777,355614,396070,350077,337556,408640,415304,351068,383882,340193,357175,361691,377418,375361,369295,328485,323915,396341,631349,417861,391745,364287,416925,394199,394555,387864,405515,347894,349581,427821,422918,415272,430761,387550,397914,373734,393780,420780,401572,342381,350957,396011,402546,432200,377041,334546,424084,383477,392091,402837,364885,316951,345780,392554,425791,405558,362973,339900,444723,379471,383793,397851,386055,351746,344918,501070,444845,421445,437715,408462,459899,394599,386234,386023,380254,342136,393916,389734,419552,378812,375464,371992,408605,394587,348328,354400,379027,306841,323601,355869,354094,402108,334726,318982,367803,329570,313720,311609,295860,269909,252065,356938,371582,421435,381999,358811,434835,387777,399301,387127,372450,343088,353314,421773,438000,425670,378897,397112,434472,382695,356348,341281,337438,289442,303578,368930,380926,367574,364314,343162,386784,377427,349964,342550,392112,332528,290342,406198,387239,354364,356393,327385,324832,353971,306104,340955,319131,256649,276335,322158,357940,360082,373489,318090,346905,342891,311856,298843,361575,284558,256776,333089,326335,351433,277333,273329,272956,262577,271956,288998,287790,267421,273860,317658,317717,319649,298323,334303,358852,341027,308343,310182,292735,238627,259137,283483,315133,323440,317024,312907,324137,322829,292083,332330,361780,319995,272639,360545,369514,380189,326839,345183,332631,353529,345645,343581,370229,285963,274721,372045,331582,325830,295239,286707,278585,276890,260502,282173,321858,225055,217486,275925,231959,250323,262617,233023,273957,249419,221723,222598,294850,300988,240700,376897,323509,330527,285509,272319,300004,291270,278289,304661,288032,244153,250016,322740,283083,312946,273257,253619,311677,262494,302623,265862,292202,251247,291513,292387,300587,293799,281284,275312,304385,278559,290800,269401,278950,241917,221317,283041,267342,288120,258144,263331,280277,282501,262854,282130,245829,223644,225995,259634,239760,229237,257173,218193,256153,236806,235398,214760,262380,229420,187604,261574,221686,229851,217596,183304,222977,188475,193745,197715,206446,174289,189100,208847,211720,208453,178505,169838,211020,187644,193641,195482,206326,188147,193233,240106,212127,212435,182707,179593,217810,256562,210363,212087,214865,181002,178592,217487,190471,173140,163654,150869,162259,166553,163871,135777,146301,147999,123185,196412,176355,175680,156699,149366,142713,169365,135334,132752,138650,110970,100636,145748,111425,108357,97550,87789,103035,92268,99762,86345,83726,68033,74505,80887,75883,78061,79823,93810,82672,80841,68208,80225,72276,63715,65837,68006,82599,70563,63708,71066,66318,71646,60434,59626,67137,67422,69723,82208,72021,73268,66593,60130,76094,68223,77937,69951,79419,60614,73455,88859,65796,70546,75480,64585,73629,76127,74380,75950,82988,67199,71464,89350,79466,82530,74487,65765,82572,75359,64766,69880,82527,80813,93240,89818,64894,67441,83441,64611,71750,78028,69707,81350,80764,69707,95841,91638,80994,99253,74900,65888,72191,74778,82543,75521,75481,71832,67176,66101,66820,61660,53586,54120,53766,48078,47258,48608,46516,46242,42410,50157,59358,45088,49161,54495,48654,48835,46532,48434,52861,40508,47309,49935,42947,51347,39523,38847,40987,34196,35448,40963,35201,33035,39917,33634,41957,34874,29033,38532,36106,33227,25267,34976,39912,40496,36614
    Miscellaneous Manufactured Articles Nes,1709650,1428330,1476402,1673698,2298501,1501704,1437546,1530953,1512803,1360322,1508076,1648752,1356997,1708307,1721830,1636380,1576982,1615995,1373592,1467157,1571180,1364703,1408379,1342078,1705783,1480700,1935647,2164127,1721624,1702486,1688541,1519693,1537201,1582187,1405144,1659701,1732502,1465411,1592432,1427293,1461957,1385671,1797741,1323449,1292257,1254311,1268639,1276124,1443343,1063931,1105096,1128243,1226984,1128982,1010600,951840,1024020,841041,714635,809306,1127808,1068650,1051652,1153871,1230220,1262962,1157137,1058274,1129961,959359,1085794,1137373,1103276,810508,1150831,1040856,1114870,1303931,1139930,1124913,1136884,1093337,1109622,1072617,1204394,929671,1135752,1077259,1171089,1497514,1129408,1126403,1129588,968614,1239368,1074933,1173208,904638,949240,1094123,1122294,1062192,1116002,973202,1030119,963231,1015587,1276952,1203929,857897,927082,1080106,1018019,1592667,1046022,912369,840809,986665,877396,912442,1124420,832000,951525,1045502,1007995,1404842,1156943,902784,970309,1019497,939635,1027763,1300087,777208,936016,1080135,1066633,1665616,1208756,1014210,1148022,1040577,975462,973266,1083220,796351,1117000,966010,1054536,1180547,1547168,1093662,1124163,983665,993865,1005902,981055,1118449,784034,925537,971755,912951,888049,821630,949264,986405,924212,886496,959860,678626,942999,982318,954967,982449,928004,856600,959050,895713,807974,924809,930962,689033,815869,856845,828115,888230,783895,751145,826683,703188,617171,720032,626406,569420,563232,818414,1060998,901823,897277,973014,897348,800137,815753,893632,826505,718264,882795,952792,1014186,1003967,795959,784571,819887,833070,762850,757231,783785,623054,717801,776701,786951,774145,772802,734088,713665,715084,684597,672216,742338,604206,607647,721926,762524,750753,800804,737612,768829,843622,735549,761385,747676,545178,627635,679275,636737,700712,681089,698351,668508,663242,713557,636113,715761,554016,604195,701093,580260,703582,679045,590449,601737,490348,511736,499907,542915,519906,612661,480286,513098,523749,448447,451523,491737,456975,553896,526823,461710,357511,457185,438949,475653,486317,459810,480190,474977,483041,486091,508583,509972,456305,484128,522055,558167,566522,580552,579823,568416,544048,590888,560079,589716,431040,484064,608037,571945,540343,543469,548964,597472,545473,566430,557347,590716,430463,575672,554497,539835,540905,536312,485448,508402,503609,493672,531667,554553,451043,485628,629886,678496,653167,654477,643743,831125,620944,602015,662068,681652,511206,686177,724590,660444,789087,596989,613097,681007,605067,714676,600124,597751,626490,623657,656316,635338,644063,578877,581411,556233,575754,540173,432073,485472,357117,444847,463157,493102,474989,483331,444214,414015,426126,425906,418356,387443,311231,338539,398677,385124,394838,356810,358418,381144,391400,354071,380392,374369,322920,313966,434503,383157,372277,333386,309305,332418,350932,298683,322402,319934,252603,275094,329372,304018,316712,297201,285881,301445,296891,310119,300242,292006,258301,291675,312081,322974,308018,266001,304839,284169,279785,280391,260140,282204,236347,258940,266360,271059,256710,261687,287816,243592,244395,259204,233873,221845,186034,262066,254642,230666,270063,215217,248458,209576,255943,241975,208014,197227,190438,186541,193659,179469,191263,212620,184929,184983,169798,163835,172810,122672,135721,152436,175527,149121,161478,134608,143198,134430,139621,136103,139059,119544,108931,116050,122634,119420,111576,109096,117580,95031,101806,120750,96272,85852,103612,115212,134003,136985,122771,100367,110546,113674,106116,122503,106814,104413,88000,119064,117927,116053,100227,99388,109909,109514,106537,103382,108305,94481,94215,97575,120532,112386,107311,110331,106252,102635,101459,94621,94243,96868,75089,96280,115326,95801,96409,91783,87742,92417,99452,80329,81939,71655,67633,120580,101073,82564,87926,88371,84307,88443,79067,72854,71452,66702,54728,68732,67516,75113,65652,66136,68566,67794,75770,54260,50963,51123,61222,49624,63531,66788,55996,62214,60137,58828,55919,51203,46842,43609,38153,47297,54804,55449,56240,56810,52309,46643,49236,43250,46964,43816,33408,49319,49555,47960,46596,38818,45578,41279,33899,30015,33498,41498,36597,49652
